,Form,Topic Category,Rank,Type,Polarity
0,guest,concept,1,Top>Person,N
2,dollar,concept,3,Top>Unit>Currency,N
3,bill,concept,4,Top,N
8,guest,concept,9,Top>Person,N
35,telephone,concept,4,Top>Id>PhoneNumber,N
97,room,concept,8,Top>Location>Facility,N
99,room,concept,10,Top>Location>Facility,N
100,Jerusalem,entity,1,Top>Location>GeoPoliticalEntity>City,N
103,pain,concept,2,Top>OtherEntity>Disease,N
109,plug,concept,8,Top>Product,N
120,The Intercontinental,entity,3,Top,N
125,elevator,concept,3,Top>Location>Facility,N
126,hotel,concept,4,Top>Organization>Company>ConsumerGoodsCompany>Discretionary>ConsumerServicesCompany>Hotels,N
131,man,concept,9,Top>Person,N
132,fault,concept,10,Top,N
134,group,concept,12,Top>Organization,N
138,toilet,concept,16,Top>Location>Facility,N
139,brush,concept,17,Top>Product>Machine>Instrument,N
143,shock,concept,21,Top>OtherEntity>Disease,N
149,brush,concept,27,Top>Product>Machine>Instrument,N
154,culture,concept,32,Top,N
161,brush,concept,39,Top>Product,N
165,bathroom,concept,43,Top>Location>Facility,N
170,service,concept,48,Top>Product>ProfessionalService,N
178,fight,concept,56,Top>Event,N
186,doorman,concept,64,Top>OtherEntity>Vocation,N
219,fault,concept,4,Top,N
374,old-fashioned,concept,5,Top>Person,N
382,bathroom,concept,13,Top>Location>Facility,N
459,filling,concept,3,Top,N
461,breakfast,concept,5,Top>Event,N
462,breakfast,concept,6,Top>Product>Food,N
466,average,concept,10,Top,N
496,shower,concept,2,Top>Event>NaturalPhenomena,N
497,cold,concept,3,Top>OtherEntity>Disease,N
505,cold,concept,11,Top>Event>NaturalPhenomena,N
536,restaurant,concept,8,Top>Organization>Company>ConsumerGoodsCompany>Discretionary>ConsumerServicesCompany>Restaurants,N
581,mistake,concept,12,Top>OtherEntity,N
582,quality of the product,concept,13,Top,N
616,Palestine,entity,1,Top>Location>GeoPoliticalEntity>Country,N
617,Educational Opportunities,entity,2,Top,N
642,mattress,concept,24,Top>Product,N
643,arrangement,concept,25,Top>OtherEntity,N
695,lighting,concept,5,Top,N
733,The Foods,entity,1,Top,N
734,The Grand Park Hotel,entity,2,Top>Organization>Company>ConsumerGoodsCompany>Discretionary>ConsumerServicesCompany>Hotels,N
736,hotel,concept,2,Top>Organization>Company>ConsumerGoodsCompany>Discretionary>ConsumerServicesCompany>Hotels,N
738,group,concept,4,Top>Organization,N
839,complaint,concept,4,Top>OtherEntity>Disease,N
847,complaint,concept,12,Top,N
860,The staff,entity,6,Top>Organization,N
861,West,entity,7,Top>Person>LastName,N
903,tourist,concept,19,Top>Person,N
962,$,concept,8,Top>Unit>Currency,N
981,room,concept,13,Top>Location>Facility,N
983,room,concept,15,Top>Location>Facility,N
990,doomed,concept,6,Top,N
1018,Paradise Hotel,entity,3,Top>Organization>Company>ConsumerGoodsCompany>Discretionary>ConsumerServicesCompany>Hotels,N
1035,tourist,concept,16,Top>Person,N
1089,hotel,concept,2,Top>Organization>Company>ConsumerGoodsCompany>Discretionary>ConsumerServicesCompany>Hotels,N
1095,breakfast,concept,8,Top>Event,N
1096,breakfast,concept,9,Top>Product>Food,N
1098,dinner,concept,11,Top>Product>Food,N
1100,dinner,concept,13,Top>Event,N
1112,hotel,concept,1,Top>Organization>Company>ConsumerGoodsCompany>Discretionary>ConsumerServicesCompany>Hotels,N
1121,depressing,concept,3,Top,N
1122,food,concept,4,Top>Product>Food,N
1128,kind,concept,2,Top>OtherEntity>Class,N
1161,store,concept,13,Top>Location>Facility>Market,N
1162,souvenir,concept,14,Top,N
1221,Palestinian,concept,22,Top>Person,N
1242,Palestinian,concept,7,Top,N
1252,territory,concept,17,Top>Location,N
1257,AC,entity,4,Top,N
1262,bed,concept,5,Top>Location>GeographicalEntity>WaterForm>Channel,N
1266,salad,concept,9,Top>Product>Food>CookedPlate,N
1272,soup,concept,15,Top>Product>Food>CookedPlate,N
1286,mattress,concept,29,Top>Product,N
1306,selection,concept,1,Top>Organization,N
1307,people,concept,2,Top>Person,N
1308,lunch,concept,3,Top>Product>Food,N
1309,welcome,concept,4,Top>OtherEntity,N
1310,buffet,concept,5,Top,N
1311,food,concept,6,Top>Product>Food,N
1313,reception,concept,8,Top,N
1315,area,concept,10,Top>Location,N
1327,Wi-Fi,concept,10,Top>OtherEntity>MethodSystem,N
1364,Church of Nativity,entity,4,Top>Location>Facility,N
1371,hotel,concept,6,Top>Organization>Company>ConsumerGoodsCompany>Discretionary>ConsumerServicesCompany>Hotels,N
1378,center,concept,13,Top,N
1385,foot,concept,20,Top>LivingThing>BodyPart,N
1388,restaurant,concept,23,Top>Organization>Company>ConsumerGoodsCompany>Discretionary>ConsumerServicesCompany>Restaurants,N
1391,buffet,concept,26,Top,N
1395,center,concept,30,Top>Location,N
1396,road,concept,31,Top>Location>Facility>Line,N
1400,city,concept,35,Top>Location>GeoPoliticalEntity>City,N
1404,foot,concept,39,Top>Unit>PhysicalExtentUnit,N
1408,center,concept,43,Top>Location>Facility,N
1410,road,concept,45,Top>Location>Facility>Line,N
1415,Wi-Fi,concept,50,Top>OtherEntity>MethodSystem,N
1420,ground floor,concept,55,Top>Location>Facility,N
1465,food,concept,14,Top>Product>Food,N
1481,brake,concept,4,Top>Product>Machine>Instrument,N
1485,shock,concept,8,Top>OtherEntity>Disease,N
1497,stairs,concept,20,Top>Product,N
1549,salad,concept,6,Top>Product>Food>CookedPlate,N
1551,cold,concept,8,Top>OtherEntity>Disease,N
1558,cold,concept,15,Top>Event>NaturalPhenomena,N
1568,compass,concept,4,Top>Product,N
1570,buffet,concept,6,Top,N
1573,traveler,concept,9,Top>Person,N
1582,noise,concept,18,Top,N
1583,tavern,concept,19,Top>Location>Facility,N
1728,place,concept,6,Top>Location,N
1733,person,concept,11,Top>Person,N
1739,hotel,concept,1,Top>Organization>Company>ConsumerGoodsCompany>Discretionary>ConsumerServicesCompany>Hotels,N
1751,coach,concept,2,Top>OtherEntity>Vocation,N
1756,friend,concept,7,Top>Person,N
1760,administrator,concept,11,Top>OtherEntity>Vocation,N
1761,bass,concept,12,Top>Product>Food>Fishfood,N
1764,bass,concept,15,Top>Product>Machine>Instrument,N
1767,wedding,concept,18,Top>Event>Occasion,N
1768,manager,concept,19,Top>OtherEntity>Title,N
1769,executive,concept,20,Top>OtherEntity>Title,N
1770,volume,concept,21,Top>Unit>VolumeUnit,N
1772,bass,concept,23,Top>Product,N
1775,noise,concept,26,Top,N
1782,hole,concept,1,Top>Location>GeographicalEntity>LandForm,N
1785,corridor,concept,4,Top>Location>Facility>FacilityPart,N
1786,black,concept,5,Top>OtherEntity>Color,N
1793,paradise,concept,12,Top>Location,N
1797,garbage,concept,16,Top,N
1802,room,concept,21,Top>Location>Facility,N
1804,hole,concept,23,Top>Location,N
1808,room,concept,27,Top>Location>Facility,N
1823,dinner,concept,6,Top>Product>Food,N
1825,dinner,concept,8,Top>Event,N
1907,bed,concept,7,Top>Location>GeographicalEntity>WaterForm>Channel,N
1908,owner,concept,8,Top>Person,N
1909,channel,concept,9,Top>Location>GeographicalEntity>WaterForm>Channel,N
1916,baby,concept,16,Top>Person,N
1917,condition,concept,17,Top,N
1919,demand,concept,19,Top,N
1922,child,concept,22,Top>Person,N
1928,channel,concept,28,Top>Organization>Company>ConsumerGoodsCompany>Discretionary>ConsumerServicesCompany>MediaCompany,N
1933,kid,concept,33,Top>Person,N
1941,hotel,concept,1,Top>Organization>Company>ConsumerGoodsCompany>Discretionary>ConsumerServicesCompany>Hotels,N
1998,living room,concept,6,Top>Location>Facility,N
2001,room,concept,9,Top>Location>Facility,N
2299,compass,concept,7,Top>Product,N
2310,area,concept,18,Top>Location,N
2312,range,concept,20,Top>Location>GeographicalEntity>LandForm>Mountain,N
2317,ground floor,concept,25,Top>Location>Facility,N
2318,tavern,concept,26,Top>Location>Facility,N
2352,coolness,concept,11,Top>OtherEntity,N
2383,unit,concept,1,Top>Unit,N
2412,painting,concept,30,Top>Product>CulturalProduct>Picture,N
2415,guide,concept,33,Top>OtherEntity>Vocation,N
2443,room,concept,61,Top>Location>Facility,N
2564,cup,concept,8,Top>Event>Occasion>Games,N
2587,breakfast,concept,6,Top>Event,N
2588,breakfast,concept,7,Top>Product>Food,N
2589,city,concept,8,Top>Location>GeoPoliticalEntity>City,N
2591,dinner,concept,10,Top>Product>Food,N
2601,dinner,concept,20,Top>Event,N
2602,complex,concept,21,Top>Organization,N
2640,hall,concept,22,Top>Location>Facility,N
2643,container,concept,25,Top>Product>Utensil>Container,N
2693,Angle Hotel,entity,2,Top>Organization>Company>ConsumerGoodsCompany>Discretionary>ConsumerServicesCompany>Hotels,N
2696,family,concept,3,Top>Organization,N
2710,street,concept,3,Top>Location>Facility>Line,N
2717,dog,concept,10,Top>LivingThing>Animal>Vertebrate>Mammal,N
2754,corn,concept,8,Top>Product>Food>FruitOrVegetable,N
2760,glass,concept,14,Top,N
2770,soup,concept,24,Top>Product>Food>CookedPlate,N
2771,cold,concept,25,Top>OtherEntity>Disease,N
2773,glass,concept,27,Top>Product>Utensil>Container,N
2787,creativity,concept,41,Top,N
2789,corn,concept,43,Top>LivingThing>Flora,N
2794,cold,concept,48,Top>Event>NaturalPhenomena,N
2803,starch,concept,57,Top,N
2808,room,concept,5,Top>Location>Facility,N
2809,room,concept,6,Top>Location>Facility,N
2824,partner,concept,10,Top>Person,N
2829,room,concept,15,Top>Location>Facility,N
2831,room,concept,17,Top>Location>Facility,N
2877,bathroom,concept,12,Top>Location>Facility,N
2895,complaint,concept,7,Top>OtherEntity>Disease,N
2897,restaurant,concept,9,Top>Organization>Company>ConsumerGoodsCompany>Discretionary>ConsumerServicesCompany>Restaurants,N
2899,coffee shop,concept,11,Top>Location>Facility,N
2907,complaint,concept,19,Top,N
2988,hotel,concept,2,Top>Organization>Company>ConsumerGoodsCompany>Discretionary>ConsumerServicesCompany>Hotels,N
3019,drawback,concept,12,Top,N
3029,fire,concept,1,Top>Event>NaturalDisaster,N
3030,hallway,concept,2,Top>Location>Facility,N
3032,explanation,concept,4,Top,N
3058,buffet,concept,7,Top,N
3060,food,concept,9,Top>Product>Food,N
3099,room,concept,10,Top>Location>Facility,N
3101,room,concept,12,Top>Location>Facility,N
3129,complex,concept,25,Top>Organization,N
3241,restaurant,concept,3,Top>Organization>Company>ConsumerGoodsCompany>Discretionary>ConsumerServicesCompany>Restaurants,N
3260,disaster,concept,5,Top>Event>NaturalDisaster,N
3269,bed,concept,4,Top>Location>GeographicalEntity>WaterForm>Channel,N
3327,complex,concept,16,Top>Organization,N
3333,place,concept,2,Top>Location,N
3334,child,concept,3,Top>Person,N
3413,area,concept,38,Top>Location,N
3480,match,concept,3,Top>Event>Occasion>Games,N
3481,child,concept,4,Top>Person,N
3482,service,concept,5,Top>Product>ProfessionalService,N
3483,rude,concept,6,Top>Person,N
3485,rude,concept,8,Top>Person,N
3489,Jerusalem,entity,3,Top>Location>GeoPoliticalEntity>City,N
3492,Tiberias,entity,6,Top,N
3496,street,concept,4,Top>Location>Facility>Line,N
3515,tobacco,concept,23,Top>OtherEntity>Color,N
3522,tobacco,concept,30,Top>LivingThing>Flora,N
3524,living room,concept,32,Top>Location>Facility,N
3564,street,concept,1,Top>Location>Facility>Line,N
3565,advent,concept,2,Top>Event,N
3566,carpet,concept,3,Top>Product,N
3569,area,concept,6,Top>Location,N
3571,mattress,concept,8,Top>Product,N
3572,noise,concept,9,Top,N
3576,Belen,entity,2,Top>Location>GeoPoliticalEntity>City,N
3590,place,concept,12,Top>Location,N
3597,gas,concept,19,Top,N
3696,border,concept,5,Top>Location,N
3700,border,concept,9,Top>Location,N
3703,dinner,concept,12,Top>Product>Food,N
3706,border,concept,15,Top,N
3710,border,concept,19,Top>Location,N
3712,dinner,concept,21,Top>Event,N
3718,food,concept,4,Top>Product>Food,N
3778,condition,concept,4,Top,N
3800,hotel,concept,4,Top>Organization>Company>ConsumerGoodsCompany>Discretionary>ConsumerServicesCompany>Hotels,N
3855,guest,concept,1,Top>Person,N
3856,construcción,concept,2,Top>Location>Facility,N
3862,farm,concept,8,Top>Location>Facility,N
3863,job,concept,9,Top>OtherEntity>Vocation,N
3868,guest,concept,14,Top>Person,N
3892,store,concept,2,Top>Location>Facility,N
3895,hill,concept,5,Top>Location>GeographicalEntity>LandForm>Mountain,N
3897,hill,concept,7,Top>Location,N
3899,hill,concept,9,Top>Location>GeographicalEntity>LandForm>Mountain,N
3901,store,concept,11,Top>Location>Facility>Market,N
3903,cut,concept,13,Top>Organization,N
3908,store,concept,18,Top>Location>Facility>Market,N
3925,taxi,concept,7,Top,N
3929,plug,concept,11,Top>Product,N
3980,Head waiter,entity,1,Top>OtherEntity>Title,N
3989,elevator,concept,2,Top>Location>Facility,N
4007,hotel,concept,2,Top>Organization>Company>ConsumerGoodsCompany>Discretionary>ConsumerServicesCompany>Hotels,N
4009,hawk,concept,4,Top>LivingThing>Animal>Vertebrate>Bird,N
4036,kind,concept,4,Top>Organization,N
4038,kind,concept,6,Top>OtherEntity>Class,N
4125,food,concept,7,Top>Product>Food,N
4184,Cold WaterHairdryer,entity,5,Top,N
4188,Free WI-Fi Access,entity,9,Top,N
4194,andBaby Cot,entity,15,Top>Person>FullName,N
4204,iron,concept,3,Top>Product>Substance>ChemicalElement,N
4205,fire,concept,4,Top>Event>NaturalDisaster,N
4237,request,concept,36,Top,N
4272,star,concept,5,Top>OtherEntity>Vocation,N
4274,woman,concept,7,Top>Person,N
4282,star,concept,15,Top>Location>AstralBody>Star,N
4356,buffet,concept,17,Top,N
4359,board,concept,20,Top>Organization>Government,N
4362,breakfast,concept,23,Top>Event,N
4365,breakfast,concept,26,Top>Product>Food,N
4373,staff,concept,34,Top>Organization,N
4374,dinner,concept,35,Top>Product>Food,N
4381,dinner,concept,42,Top>Event,N
4386,hotel,concept,2,Top>Organization>Company>ConsumerGoodsCompany>Discretionary>ConsumerServicesCompany>Hotels,N
4420,painting,concept,23,Top>Product>CulturalProduct>Picture,N
4424,breakfast,concept,27,Top>Event,N
4426,breakfast,concept,29,Top>Product>Food,N
4429,egg,concept,32,Top>Product>Food,N
4440,meal,concept,43,Top>Product>Food,N
4523,service,concept,15,Top>Product>ProfessionalService,N
4524,plug,concept,16,Top>Product,N
4540,wireless,concept,32,Top,N
4547,breakfast,concept,6,Top>Event,N
4548,breakfast,concept,7,Top>Product>Food,N
4588,community,concept,10,Top>Organization,N
4602,bedroom,concept,11,Top>Location>Facility,N
4612,hotel,concept,2,Top>Organization>Company>ConsumerGoodsCompany>Discretionary>ConsumerServicesCompany>Hotels,N
4639,meal,concept,29,Top>Product>Food,N
4642,mistake,concept,32,Top>OtherEntity,N
4644,kid,concept,34,Top>Person,N
4702,Price,entity,1,Top>Person>LastName,N
4704,Bethlehem,entity,3,Top>Location>GeoPoliticalEntity,N
4709,complaint,concept,5,Top>OtherEntity>Disease,N
4714,food,concept,10,Top>Product>Food,N
4718,complaint,concept,14,Top,N
4721,body,concept,17,Top,N
4742,hotel,concept,1,Top>Organization>Company>ConsumerGoodsCompany>Discretionary>ConsumerServicesCompany>Hotels,N
4767,cold,concept,9,Top>OtherEntity>Disease,N
4776,cold,concept,18,Top>Event>NaturalPhenomena,N
4782,Manger Square,entity,4,Top>Location>Address,N
4794,queen,concept,11,Top,N
4795,breakfast,concept,12,Top>Event,N
4796,breakfast,concept,13,Top>Product>Food,N
4810,monarch,concept,27,Top>OtherEntity>Title,N
4822,fresh fruit,concept,8,Top,N
4829,cocktail,concept,15,Top>Product>Food>Beverage,N
4830,cocktail,concept,16,Top>Event,N
4835,fruit,concept,21,Top>Product>Food>FruitOrVegetable,N
4837,cocktail,concept,23,Top>Product>Food>Beverage,N
4847,plumbing,concept,5,Top>Location>Facility,N
4879,pick,concept,14,Top,N
4922,food,concept,3,Top>Product>Food,N
4945,AC,entity,1,Top,N
4947,staff,concept,2,Top>Organization,N
4950,room,concept,5,Top>Location>Facility,N
4951,room,concept,6,Top>Location>Facility,N
4979,Jacob,entity,6,Top>Person,N
5119,location,concept,2,Top>Location>Address,N
5120,location,concept,3,Top>Location,N
5138,food,concept,11,Top>Product>Food,N
5146,dinner,concept,19,Top>Product>Food,N
5149,area,concept,22,Top>Location,N
5150,popular,concept,23,Top,N
5156,dinner,concept,29,Top>Event,N
5187,hotel I,entity,3,Top>Organization>Company>ConsumerGoodsCompany>Discretionary>ConsumerServicesCompany>Hotels,N
5190,people,concept,3,Top>Person,N
5211,Gaza,entity,2,Top>Location>GeoPoliticalEntity>City,N
5228,Israelite,concept,14,Top,N
5229,staff,concept,15,Top>Organization,N
5239,Israeli,concept,25,Top,N
5257,Arboretum Hotel,entity,4,Top>Organization>Company>ConsumerGoodsCompany>Discretionary>ConsumerServicesCompany>Hotels,N
5259,Google Maps,entity,6,Top>Product>ProfessionalService>TelecommunicationsService,N
5292,transliteration,concept,33,Top,N
5294,Spa,entity,1,Top>Person>LastName,N
5295,worker,concept,1,Top>OtherEntity>Vocation,N
5302,restaurant,concept,8,Top>Organization>Company>ConsumerGoodsCompany>Discretionary>ConsumerServicesCompany>Restaurants,N
5328,Gaza,entity,3,Top>Location>GeoPoliticalEntity>City,N
5330,loss,concept,1,Top,N
5341,snooker,concept,12,Top>OtherEntity>Doctrine>Sports,N
5346,swimming-pool,concept,17,Top>Location>Facility,N
5348,pool,concept,19,Top>Location>GeographicalEntity>WaterForm,N
5353,woman,concept,3,Top>Person,N
5355,food,concept,5,Top>Product>Food,N
5356,snooker,concept,6,Top>OtherEntity>Doctrine>Sports,N
5357,swimming-pool,concept,7,Top>Location>Facility,N
5360,pool,concept,10,Top>Location>GeographicalEntity>WaterForm,N
5363,Gaza,entity,2,Top>Location>GeoPoliticalEntity>City,N
5373,access,concept,4,Top>Process,N
5379,place,concept,10,Top>Location,N
5447,north,entity,3,Top>Location,N
5448,south,entity,4,Top>Location,N
5450,access,concept,2,Top>Process,N
5453,south,concept,5,Top>Location,N
5460,window,concept,12,Top>Product,N
5462,north,concept,14,Top>Location,N
5492,loft,concept,4,Top>Location>Facility,N
5496,space,concept,8,Top>Location,N
5499,space,concept,11,Top>Unit>SpaceUnit,N
5501,road,concept,13,Top>Location>Facility>Line,N
5507,bathroom,concept,19,Top>Location>Facility,N
5512,road,concept,24,Top>Location>Facility>Line,N
5513,area,concept,25,Top>Location,N
5515,waste,concept,27,Top,N
5527,attic,concept,39,Top>Location>Facility,N
5532,Al Deira,entity,2,Top>Person>FullName,N
5573,bookshop,concept,3,Top>Location>Facility>Market,N
5574,hotel,concept,4,Top>Organization>Company>ConsumerGoodsCompany>Discretionary>ConsumerServicesCompany>Hotels,N
5584,Israelite,concept,14,Top,N
5588,conflict,concept,18,Top>Event,N
5590,Israeli,concept,20,Top,N
5591,conflict,concept,21,Top>Event>War,N
5606,electricity,concept,3,Top,N
5607,blockade,concept,4,Top,N
5632,connection,concept,2,Top>Process,N
5634,simile,concept,4,Top,N
5645,food,concept,15,Top>Product>Food,N
5658,connection,concept,28,Top,N
5664,wireless,concept,34,Top,N
5690,location,concept,4,Top>Location>Address,N
5692,shower,concept,6,Top>Event>NaturalPhenomena,N
5693,location,concept,7,Top>Location,N
5745,trip,concept,6,Top,N
5759,museum,concept,20,Top>Organization>ArtisticOrganization>Museum,N
5806,bread,concept,10,Top>Product>Food>CookedPlate,N
5969,people,concept,2,Top>Person,N
5973,breakfast,concept,6,Top>Event,N
5974,tomato,concept,7,Top>Product>Food>FruitOrVegetable,N
5975,breakfast,concept,8,Top>Product>Food,N
5976,egg,concept,9,Top>Product>Food,N
5978,heating system,concept,11,Top,N
5979,hummus,concept,12,Top>Product>Food>CookedPlate,N
5981,yoghourt,concept,14,Top>Product>Food>DairyProduct,N
6138,snooker,concept,9,Top>OtherEntity>Doctrine>Sports,N
6143,swimming-pool,concept,14,Top>Location>Facility,N
6145,pool,concept,16,Top>Location>GeographicalEntity>WaterForm,N
6149,hotel,concept,3,Top>Organization>Company>ConsumerGoodsCompany>Discretionary>ConsumerServicesCompany>Hotels,N
6150,bed,concept,4,Top>Location>GeographicalEntity>WaterForm>Channel,N
6154,heater,concept,8,Top>OtherEntity>Vocation,N
6155,heater,concept,9,Top>Product>Machine>ElectricalAppliance,N
6157,heater,concept,11,Top>Product>Machine>ElectricalAppliance,N
6158,cold,concept,12,Top>OtherEntity>Disease,N
6163,garbage,concept,17,Top,N
6170,room,concept,24,Top>Location>Facility,N
6171,bottle,concept,25,Top>Product>Utensil>Container,N
6173,cold,concept,27,Top>Event>NaturalPhenomena,N
6176,room,concept,30,Top>Location>Facility,N
6187,cold,concept,7,Top>OtherEntity>Disease,N
6193,cold,concept,13,Top>Event>NaturalPhenomena,N
6225,check,concept,5,Top>Product>CulturalProduct>Printing,N
6227,special,concept,7,Top>Product>CulturalProduct>Broadcast,N
6234,credit card,concept,14,Top>Product,N
6235,room,concept,15,Top>Location>Facility,N
6237,room,concept,17,Top>Location>Facility,N
6240,location,concept,2,Top>Location>Address,N
6242,location,concept,4,Top>Location,N
6329,car,concept,1,Top>Product>Machine>Vehicle>Car,N
6365,hotel,concept,1,Top>Organization>Company>ConsumerGoodsCompany>Discretionary>ConsumerServicesCompany>Hotels,N
6369,breakfast,concept,5,Top>Event,N
6370,breakfast,concept,6,Top>Product>Food,N
6371,maintenance,concept,7,Top,N
6373,snooker,concept,9,Top>OtherEntity>Doctrine>Sports,N
6375,swimming-pool,concept,11,Top>Location>Facility,N
6376,room,concept,12,Top>Location>Facility,N
6377,pool,concept,13,Top>Location>GeographicalEntity>WaterForm,N
6378,room,concept,14,Top>Location>Facility,N
6390,car,concept,1,Top>Product>Machine>Vehicle>Car,N
6426,hotel,concept,1,Top>Organization>Company>ConsumerGoodsCompany>Discretionary>ConsumerServicesCompany>Hotels,N
6430,breakfast,concept,5,Top>Event,N
6431,breakfast,concept,6,Top>Product>Food,N
6432,maintenance,concept,7,Top,N
6434,snooker,concept,9,Top>OtherEntity>Doctrine>Sports,N
6436,swimming-pool,concept,11,Top>Location>Facility,N
6437,room,concept,12,Top>Location>Facility,N
6438,pool,concept,13,Top>Location>GeographicalEntity>WaterForm,N
6439,room,concept,14,Top>Location>Facility,N
6451,car,concept,1,Top>Product>Machine>Vehicle>Car,N
6487,hotel,concept,1,Top>Organization>Company>ConsumerGoodsCompany>Discretionary>ConsumerServicesCompany>Hotels,N
6491,breakfast,concept,5,Top>Event,N
6492,breakfast,concept,6,Top>Product>Food,N
6493,maintenance,concept,7,Top,N
6495,snooker,concept,9,Top>OtherEntity>Doctrine>Sports,N
6497,swimming-pool,concept,11,Top>Location>Facility,N
6498,room,concept,12,Top>Location>Facility,N
6499,pool,concept,13,Top>Location>GeographicalEntity>WaterForm,N
6500,room,concept,14,Top>Location>Facility,N
6512,car,concept,1,Top>Product>Machine>Vehicle>Car,N
6548,hotel,concept,1,Top>Organization>Company>ConsumerGoodsCompany>Discretionary>ConsumerServicesCompany>Hotels,N
6552,breakfast,concept,5,Top>Event,N
6553,breakfast,concept,6,Top>Product>Food,N
6554,maintenance,concept,7,Top,N
6556,snooker,concept,9,Top>OtherEntity>Doctrine>Sports,N
6558,swimming-pool,concept,11,Top>Location>Facility,N
6559,room,concept,12,Top>Location>Facility,N
6560,pool,concept,13,Top>Location>GeographicalEntity>WaterForm,N
6561,room,concept,14,Top>Location>Facility,N
6573,car,concept,1,Top>Product>Machine>Vehicle>Car,N
6609,hotel,concept,1,Top>Organization>Company>ConsumerGoodsCompany>Discretionary>ConsumerServicesCompany>Hotels,N
6613,breakfast,concept,5,Top>Event,N
6614,breakfast,concept,6,Top>Product>Food,N
6615,maintenance,concept,7,Top,N
6617,snooker,concept,9,Top>OtherEntity>Doctrine>Sports,N
6619,swimming-pool,concept,11,Top>Location>Facility,N
6620,room,concept,12,Top>Location>Facility,N
6621,pool,concept,13,Top>Location>GeographicalEntity>WaterForm,N
6622,room,concept,14,Top>Location>Facility,N
6634,car,concept,1,Top>Product>Machine>Vehicle>Car,N
6670,hotel,concept,1,Top>Organization>Company>ConsumerGoodsCompany>Discretionary>ConsumerServicesCompany>Hotels,N
6674,breakfast,concept,5,Top>Event,N
6675,breakfast,concept,6,Top>Product>Food,N
6676,maintenance,concept,7,Top,N
6678,snooker,concept,9,Top>OtherEntity>Doctrine>Sports,N
6680,swimming-pool,concept,11,Top>Location>Facility,N
6681,room,concept,12,Top>Location>Facility,N
6682,pool,concept,13,Top>Location>GeographicalEntity>WaterForm,N
6683,room,concept,14,Top>Location>Facility,N
6695,car,concept,1,Top>Product>Machine>Vehicle>Car,N
6731,hotel,concept,1,Top>Organization>Company>ConsumerGoodsCompany>Discretionary>ConsumerServicesCompany>Hotels,N
6735,breakfast,concept,5,Top>Event,N
6736,breakfast,concept,6,Top>Product>Food,N
6737,maintenance,concept,7,Top,N
6739,snooker,concept,9,Top>OtherEntity>Doctrine>Sports,N
6741,swimming-pool,concept,11,Top>Location>Facility,N
6742,room,concept,12,Top>Location>Facility,N
6743,pool,concept,13,Top>Location>GeographicalEntity>WaterForm,N
6744,room,concept,14,Top>Location>Facility,N
6756,car,concept,1,Top>Product>Machine>Vehicle>Car,N
6792,hotel,concept,1,Top>Organization>Company>ConsumerGoodsCompany>Discretionary>ConsumerServicesCompany>Hotels,N
6796,breakfast,concept,5,Top>Event,N
6797,breakfast,concept,6,Top>Product>Food,N
6798,maintenance,concept,7,Top,N
6800,snooker,concept,9,Top>OtherEntity>Doctrine>Sports,N
6802,swimming-pool,concept,11,Top>Location>Facility,N
6803,room,concept,12,Top>Location>Facility,N
6804,pool,concept,13,Top>Location>GeographicalEntity>WaterForm,N
6805,room,concept,14,Top>Location>Facility,N
6817,car,concept,1,Top>Product>Machine>Vehicle>Car,N
6853,hotel,concept,1,Top>Organization>Company>ConsumerGoodsCompany>Discretionary>ConsumerServicesCompany>Hotels,N
6857,breakfast,concept,5,Top>Event,N
6858,breakfast,concept,6,Top>Product>Food,N
6859,maintenance,concept,7,Top,N
6861,snooker,concept,9,Top>OtherEntity>Doctrine>Sports,N
6863,swimming-pool,concept,11,Top>Location>Facility,N
6864,room,concept,12,Top>Location>Facility,N
6865,pool,concept,13,Top>Location>GeographicalEntity>WaterForm,N
6866,room,concept,14,Top>Location>Facility,N
6878,car,concept,1,Top>Product>Machine>Vehicle>Car,N
6914,hotel,concept,1,Top>Organization>Company>ConsumerGoodsCompany>Discretionary>ConsumerServicesCompany>Hotels,N
6918,breakfast,concept,5,Top>Event,N
6919,breakfast,concept,6,Top>Product>Food,N
6920,maintenance,concept,7,Top,N
6922,snooker,concept,9,Top>OtherEntity>Doctrine>Sports,N
6924,swimming-pool,concept,11,Top>Location>Facility,N
6925,room,concept,12,Top>Location>Facility,N
6926,pool,concept,13,Top>Location>GeographicalEntity>WaterForm,N
6927,room,concept,14,Top>Location>Facility,N
6939,car,concept,1,Top>Product>Machine>Vehicle>Car,N
6975,hotel,concept,1,Top>Organization>Company>ConsumerGoodsCompany>Discretionary>ConsumerServicesCompany>Hotels,N
6979,breakfast,concept,5,Top>Event,N
6980,breakfast,concept,6,Top>Product>Food,N
6981,maintenance,concept,7,Top,N
6983,snooker,concept,9,Top>OtherEntity>Doctrine>Sports,N
6985,swimming-pool,concept,11,Top>Location>Facility,N
6986,room,concept,12,Top>Location>Facility,N
6987,pool,concept,13,Top>Location>GeographicalEntity>WaterForm,N
6988,room,concept,14,Top>Location>Facility,N
7000,car,concept,1,Top>Product>Machine>Vehicle>Car,N
7036,hotel,concept,1,Top>Organization>Company>ConsumerGoodsCompany>Discretionary>ConsumerServicesCompany>Hotels,N
7040,breakfast,concept,5,Top>Event,N
7041,breakfast,concept,6,Top>Product>Food,N
7042,maintenance,concept,7,Top,N
7044,snooker,concept,9,Top>OtherEntity>Doctrine>Sports,N
7046,swimming-pool,concept,11,Top>Location>Facility,N
7047,room,concept,12,Top>Location>Facility,N
7048,pool,concept,13,Top>Location>GeographicalEntity>WaterForm,N
7049,room,concept,14,Top>Location>Facility,N
8199,AC,entity,2,Top,N
8200,elevator,concept,1,Top>Location>Facility,N
8204,group,concept,5,Top>Organization,N
8205,passenger,concept,6,Top>Person,N
8206,outlet,concept,7,Top,N
8216,elevator,concept,1,Top>Location>Facility,N
8225,construcción,concept,1,Top>Location>Facility,N
8227,floor,concept,3,Top>Location,N
8228,farm,concept,4,Top>Location>Facility,N
8237,AC,entity,2,Top,N
8238,elevator,concept,1,Top>Location>Facility,N
8242,group,concept,5,Top>Organization,N
8243,passenger,concept,6,Top>Person,N
8244,outlet,concept,7,Top,N
8254,elevator,concept,1,Top>Location>Facility,N
8263,construcción,concept,1,Top>Location>Facility,N
8265,floor,concept,3,Top>Location,N
8266,farm,concept,4,Top>Location>Facility,N
8275,AC,entity,2,Top,N
8276,elevator,concept,1,Top>Location>Facility,N
8280,group,concept,5,Top>Organization,N
8281,passenger,concept,6,Top>Person,N
8282,outlet,concept,7,Top,N
8292,elevator,concept,1,Top>Location>Facility,N
8301,construcción,concept,1,Top>Location>Facility,N
8303,floor,concept,3,Top>Location,N
8304,farm,concept,4,Top>Location>Facility,N
8313,AC,entity,2,Top,N
8314,elevator,concept,1,Top>Location>Facility,N
8318,group,concept,5,Top>Organization,N
8319,passenger,concept,6,Top>Person,N
8320,outlet,concept,7,Top,N
8330,elevator,concept,1,Top>Location>Facility,N
8339,construcción,concept,1,Top>Location>Facility,N
8341,floor,concept,3,Top>Location,N
8342,farm,concept,4,Top>Location>Facility,N
8351,AC,entity,2,Top,N
8352,elevator,concept,1,Top>Location>Facility,N
8356,group,concept,5,Top>Organization,N
8357,passenger,concept,6,Top>Person,N
8358,outlet,concept,7,Top,N
8368,elevator,concept,1,Top>Location>Facility,N
8377,construcción,concept,1,Top>Location>Facility,N
8379,floor,concept,3,Top>Location,N
8380,farm,concept,4,Top>Location>Facility,N
8389,AC,entity,2,Top,N
8390,elevator,concept,1,Top>Location>Facility,N
8394,group,concept,5,Top>Organization,N
8395,passenger,concept,6,Top>Person,N
8396,outlet,concept,7,Top,N
8406,elevator,concept,1,Top>Location>Facility,N
8415,construcción,concept,1,Top>Location>Facility,N
8417,floor,concept,3,Top>Location,N
8418,farm,concept,4,Top>Location>Facility,N
8427,AC,entity,2,Top,N
8428,elevator,concept,1,Top>Location>Facility,N
8432,group,concept,5,Top>Organization,N
8433,passenger,concept,6,Top>Person,N
8434,outlet,concept,7,Top,N
8444,elevator,concept,1,Top>Location>Facility,N
8453,construcción,concept,1,Top>Location>Facility,N
8455,floor,concept,3,Top>Location,N
8456,farm,concept,4,Top>Location>Facility,N
8465,AC,entity,2,Top,N
8466,elevator,concept,1,Top>Location>Facility,N
8470,group,concept,5,Top>Organization,N
8471,passenger,concept,6,Top>Person,N
8472,outlet,concept,7,Top,N
8482,elevator,concept,1,Top>Location>Facility,N
8491,construcción,concept,1,Top>Location>Facility,N
8493,floor,concept,3,Top>Location,N
8494,farm,concept,4,Top>Location>Facility,N
8503,AC,entity,2,Top,N
8504,elevator,concept,1,Top>Location>Facility,N
8508,group,concept,5,Top>Organization,N
8509,passenger,concept,6,Top>Person,N
8510,outlet,concept,7,Top,N
8520,elevator,concept,1,Top>Location>Facility,N
8529,construcción,concept,1,Top>Location>Facility,N
8531,floor,concept,3,Top>Location,N
8532,farm,concept,4,Top>Location>Facility,N
8541,AC,entity,2,Top,N
8542,elevator,concept,1,Top>Location>Facility,N
8546,group,concept,5,Top>Organization,N
8547,passenger,concept,6,Top>Person,N
8548,outlet,concept,7,Top,N
8558,elevator,concept,1,Top>Location>Facility,N
8567,construcción,concept,1,Top>Location>Facility,N
8569,floor,concept,3,Top>Location,N
8570,farm,concept,4,Top>Location>Facility,N
8579,AC,entity,2,Top,N
8580,elevator,concept,1,Top>Location>Facility,N
8584,group,concept,5,Top>Organization,N
8585,passenger,concept,6,Top>Person,N
8586,outlet,concept,7,Top,N
8596,elevator,concept,1,Top>Location>Facility,N
8605,construcción,concept,1,Top>Location>Facility,N
8607,floor,concept,3,Top>Location,N
8608,farm,concept,4,Top>Location>Facility,N
8617,AC,entity,2,Top,N
8618,elevator,concept,1,Top>Location>Facility,N
8622,group,concept,5,Top>Organization,N
8623,passenger,concept,6,Top>Person,N
8624,outlet,concept,7,Top,N
8634,elevator,concept,1,Top>Location>Facility,N
8643,construcción,concept,1,Top>Location>Facility,N
8645,floor,concept,3,Top>Location,N
8646,farm,concept,4,Top>Location>Facility,N
8655,AC,entity,2,Top,N
8656,elevator,concept,1,Top>Location>Facility,N
8660,group,concept,5,Top>Organization,N
8661,passenger,concept,6,Top>Person,N
8662,outlet,concept,7,Top,N
8672,elevator,concept,1,Top>Location>Facility,N
8681,construcción,concept,1,Top>Location>Facility,N
8683,floor,concept,3,Top>Location,N
8684,farm,concept,4,Top>Location>Facility,N
8693,AC,entity,2,Top,N
8694,elevator,concept,1,Top>Location>Facility,N
8698,group,concept,5,Top>Organization,N
8699,passenger,concept,6,Top>Person,N
8700,outlet,concept,7,Top,N
8710,elevator,concept,1,Top>Location>Facility,N
8719,construcción,concept,1,Top>Location>Facility,N
8721,floor,concept,3,Top>Location,N
8722,farm,concept,4,Top>Location>Facility,N
8731,AC,entity,2,Top,N
8732,elevator,concept,1,Top>Location>Facility,N
8736,group,concept,5,Top>Organization,N
8737,passenger,concept,6,Top>Person,N
8738,outlet,concept,7,Top,N
8748,elevator,concept,1,Top>Location>Facility,N
8757,construcción,concept,1,Top>Location>Facility,N
8759,floor,concept,3,Top>Location,N
8760,farm,concept,4,Top>Location>Facility,N
8769,AC,entity,2,Top,N
8770,elevator,concept,1,Top>Location>Facility,N
8774,group,concept,5,Top>Organization,N
8775,passenger,concept,6,Top>Person,N
8776,outlet,concept,7,Top,N
8786,elevator,concept,1,Top>Location>Facility,N
8795,construcción,concept,1,Top>Location>Facility,N
8797,floor,concept,3,Top>Location,N
8798,farm,concept,4,Top>Location>Facility,N
8807,AC,entity,2,Top,N
8808,elevator,concept,1,Top>Location>Facility,N
8812,group,concept,5,Top>Organization,N
8813,passenger,concept,6,Top>Person,N
8814,outlet,concept,7,Top,N
8824,elevator,concept,1,Top>Location>Facility,N
8833,construcción,concept,1,Top>Location>Facility,N
8835,floor,concept,3,Top>Location,N
8836,farm,concept,4,Top>Location>Facility,N
8845,AC,entity,2,Top,N
8846,elevator,concept,1,Top>Location>Facility,N
8850,group,concept,5,Top>Organization,N
8851,passenger,concept,6,Top>Person,N
8852,outlet,concept,7,Top,N
8862,elevator,concept,1,Top>Location>Facility,N
8871,construcción,concept,1,Top>Location>Facility,N
8873,floor,concept,3,Top>Location,N
8874,farm,concept,4,Top>Location>Facility,N
8883,AC,entity,2,Top,N
8884,elevator,concept,1,Top>Location>Facility,N
8888,group,concept,5,Top>Organization,N
8889,passenger,concept,6,Top>Person,N
8890,outlet,concept,7,Top,N
8900,elevator,concept,1,Top>Location>Facility,N
8909,construcción,concept,1,Top>Location>Facility,N
8911,floor,concept,3,Top>Location,N
8912,farm,concept,4,Top>Location>Facility,N
8921,AC,entity,2,Top,N
8922,elevator,concept,1,Top>Location>Facility,N
8926,group,concept,5,Top>Organization,N
8927,passenger,concept,6,Top>Person,N
8928,outlet,concept,7,Top,N
8938,elevator,concept,1,Top>Location>Facility,N
8947,construcción,concept,1,Top>Location>Facility,N
8949,floor,concept,3,Top>Location,N
8950,farm,concept,4,Top>Location>Facility,N
8959,AC,entity,2,Top,N
8960,elevator,concept,1,Top>Location>Facility,N
8964,group,concept,5,Top>Organization,N
8965,passenger,concept,6,Top>Person,N
8966,outlet,concept,7,Top,N
8976,elevator,concept,1,Top>Location>Facility,N
8985,construcción,concept,1,Top>Location>Facility,N
8987,floor,concept,3,Top>Location,N
8988,farm,concept,4,Top>Location>Facility,N
8997,AC,entity,2,Top,N
8998,elevator,concept,1,Top>Location>Facility,N
9002,group,concept,5,Top>Organization,N
9003,passenger,concept,6,Top>Person,N
9004,outlet,concept,7,Top,N
9014,elevator,concept,1,Top>Location>Facility,N
9023,construcción,concept,1,Top>Location>Facility,N
9025,floor,concept,3,Top>Location,N
9026,farm,concept,4,Top>Location>Facility,N
9035,AC,entity,2,Top,N
9036,elevator,concept,1,Top>Location>Facility,N
9040,group,concept,5,Top>Organization,N
9041,passenger,concept,6,Top>Person,N
9042,outlet,concept,7,Top,N
9052,elevator,concept,1,Top>Location>Facility,N
9061,construcción,concept,1,Top>Location>Facility,N
9063,floor,concept,3,Top>Location,N
9064,farm,concept,4,Top>Location>Facility,N
9073,AC,entity,2,Top,N
9074,elevator,concept,1,Top>Location>Facility,N
9078,group,concept,5,Top>Organization,N
9079,passenger,concept,6,Top>Person,N
9080,outlet,concept,7,Top,N
9090,elevator,concept,1,Top>Location>Facility,N
9099,construcción,concept,1,Top>Location>Facility,N
9101,floor,concept,3,Top>Location,N
9102,farm,concept,4,Top>Location>Facility,N
9111,AC,entity,2,Top,N
9112,elevator,concept,1,Top>Location>Facility,N
9116,group,concept,5,Top>Organization,N
9117,passenger,concept,6,Top>Person,N
9118,outlet,concept,7,Top,N
9128,elevator,concept,1,Top>Location>Facility,N
9137,construcción,concept,1,Top>Location>Facility,N
9139,floor,concept,3,Top>Location,N
9140,farm,concept,4,Top>Location>Facility,N
9149,AC,entity,2,Top,N
9150,elevator,concept,1,Top>Location>Facility,N
9154,group,concept,5,Top>Organization,N
9155,passenger,concept,6,Top>Person,N
9156,outlet,concept,7,Top,N
9166,elevator,concept,1,Top>Location>Facility,N
9175,construcción,concept,1,Top>Location>Facility,N
9177,floor,concept,3,Top>Location,N
9178,farm,concept,4,Top>Location>Facility,N
9187,AC,entity,2,Top,N
9188,elevator,concept,1,Top>Location>Facility,N
9192,group,concept,5,Top>Organization,N
9193,passenger,concept,6,Top>Person,N
9194,outlet,concept,7,Top,N
9204,elevator,concept,1,Top>Location>Facility,N
9213,construcción,concept,1,Top>Location>Facility,N
9215,floor,concept,3,Top>Location,N
9216,farm,concept,4,Top>Location>Facility,N
9225,AC,entity,2,Top,N
9226,elevator,concept,1,Top>Location>Facility,N
9230,group,concept,5,Top>Organization,N
9231,passenger,concept,6,Top>Person,N
9232,outlet,concept,7,Top,N
9242,elevator,concept,1,Top>Location>Facility,N
9251,construcción,concept,1,Top>Location>Facility,N
9253,floor,concept,3,Top>Location,N
9254,farm,concept,4,Top>Location>Facility,N
9263,AC,entity,2,Top,N
9264,elevator,concept,1,Top>Location>Facility,N
9268,group,concept,5,Top>Organization,N
9269,passenger,concept,6,Top>Person,N
9270,outlet,concept,7,Top,N
9280,elevator,concept,1,Top>Location>Facility,N
9289,construcción,concept,1,Top>Location>Facility,N
9291,floor,concept,3,Top>Location,N
9292,farm,concept,4,Top>Location>Facility,N
9301,AC,entity,2,Top,N
9302,elevator,concept,1,Top>Location>Facility,N
9306,group,concept,5,Top>Organization,N
9307,passenger,concept,6,Top>Person,N
9308,outlet,concept,7,Top,N
9318,elevator,concept,1,Top>Location>Facility,N
9327,construcción,concept,1,Top>Location>Facility,N
9329,floor,concept,3,Top>Location,N
9330,farm,concept,4,Top>Location>Facility,N
9339,AC,entity,2,Top,N
9340,elevator,concept,1,Top>Location>Facility,N
9344,group,concept,5,Top>Organization,N
9345,passenger,concept,6,Top>Person,N
9346,outlet,concept,7,Top,N
9356,elevator,concept,1,Top>Location>Facility,N
9365,construcción,concept,1,Top>Location>Facility,N
9367,floor,concept,3,Top>Location,N
9368,farm,concept,4,Top>Location>Facility,N
9377,AC,entity,2,Top,N
9378,elevator,concept,1,Top>Location>Facility,N
9382,group,concept,5,Top>Organization,N
9383,passenger,concept,6,Top>Person,N
9384,outlet,concept,7,Top,N
9394,elevator,concept,1,Top>Location>Facility,N
9403,construcción,concept,1,Top>Location>Facility,N
9405,floor,concept,3,Top>Location,N
9406,farm,concept,4,Top>Location>Facility,N
9415,AC,entity,2,Top,N
9416,elevator,concept,1,Top>Location>Facility,N
9420,group,concept,5,Top>Organization,N
9421,passenger,concept,6,Top>Person,N
9422,outlet,concept,7,Top,N
9432,elevator,concept,1,Top>Location>Facility,N
9441,construcción,concept,1,Top>Location>Facility,N
9443,floor,concept,3,Top>Location,N
9444,farm,concept,4,Top>Location>Facility,N
9453,AC,entity,2,Top,N
9454,elevator,concept,1,Top>Location>Facility,N
9458,group,concept,5,Top>Organization,N
9459,passenger,concept,6,Top>Person,N
9460,outlet,concept,7,Top,N
9470,elevator,concept,1,Top>Location>Facility,N
9479,construcción,concept,1,Top>Location>Facility,N
9481,floor,concept,3,Top>Location,N
9482,farm,concept,4,Top>Location>Facility,N
9491,AC,entity,2,Top,N
9492,elevator,concept,1,Top>Location>Facility,N
9496,group,concept,5,Top>Organization,N
9497,passenger,concept,6,Top>Person,N
9498,outlet,concept,7,Top,N
9508,elevator,concept,1,Top>Location>Facility,N
9517,construcción,concept,1,Top>Location>Facility,N
9519,floor,concept,3,Top>Location,N
9520,farm,concept,4,Top>Location>Facility,N
9529,AC,entity,2,Top,N
9530,elevator,concept,1,Top>Location>Facility,N
9534,group,concept,5,Top>Organization,N
9535,passenger,concept,6,Top>Person,N
9536,outlet,concept,7,Top,N
9546,elevator,concept,1,Top>Location>Facility,N
9555,construcción,concept,1,Top>Location>Facility,N
9557,floor,concept,3,Top>Location,N
9558,farm,concept,4,Top>Location>Facility,N
9567,AC,entity,2,Top,N
9568,elevator,concept,1,Top>Location>Facility,N
9572,group,concept,5,Top>Organization,N
9573,passenger,concept,6,Top>Person,N
9574,outlet,concept,7,Top,N
9584,elevator,concept,1,Top>Location>Facility,N
9593,construcción,concept,1,Top>Location>Facility,N
9595,floor,concept,3,Top>Location,N
9596,farm,concept,4,Top>Location>Facility,N
9605,AC,entity,2,Top,N
9606,elevator,concept,1,Top>Location>Facility,N
9610,group,concept,5,Top>Organization,N
9611,passenger,concept,6,Top>Person,N
9612,outlet,concept,7,Top,N
9622,elevator,concept,1,Top>Location>Facility,N
9631,construcción,concept,1,Top>Location>Facility,N
9633,floor,concept,3,Top>Location,N
9634,farm,concept,4,Top>Location>Facility,N
9643,AC,entity,2,Top,N
9644,elevator,concept,1,Top>Location>Facility,N
9648,group,concept,5,Top>Organization,N
9649,passenger,concept,6,Top>Person,N
9650,outlet,concept,7,Top,N
9660,elevator,concept,1,Top>Location>Facility,N
9669,construcción,concept,1,Top>Location>Facility,N
9671,floor,concept,3,Top>Location,N
9672,farm,concept,4,Top>Location>Facility,N
9681,AC,entity,2,Top,N
9682,elevator,concept,1,Top>Location>Facility,N
9686,group,concept,5,Top>Organization,N
9687,passenger,concept,6,Top>Person,N
9688,outlet,concept,7,Top,N
9698,elevator,concept,1,Top>Location>Facility,N
9707,construcción,concept,1,Top>Location>Facility,N
9709,floor,concept,3,Top>Location,N
9710,farm,concept,4,Top>Location>Facility,N
9719,AC,entity,2,Top,N
9720,elevator,concept,1,Top>Location>Facility,N
9724,group,concept,5,Top>Organization,N
9725,passenger,concept,6,Top>Person,N
9726,outlet,concept,7,Top,N
9736,elevator,concept,1,Top>Location>Facility,N
9745,construcción,concept,1,Top>Location>Facility,N
9747,floor,concept,3,Top>Location,N
9748,farm,concept,4,Top>Location>Facility,N
9757,AC,entity,2,Top,N
9758,elevator,concept,1,Top>Location>Facility,N
9762,group,concept,5,Top>Organization,N
9763,passenger,concept,6,Top>Person,N
9764,outlet,concept,7,Top,N
9774,elevator,concept,1,Top>Location>Facility,N
9783,construcción,concept,1,Top>Location>Facility,N
9785,floor,concept,3,Top>Location,N
9786,farm,concept,4,Top>Location>Facility,N
9795,AC,entity,2,Top,N
9796,elevator,concept,1,Top>Location>Facility,N
9800,group,concept,5,Top>Organization,N
9801,passenger,concept,6,Top>Person,N
9802,outlet,concept,7,Top,N
9812,elevator,concept,1,Top>Location>Facility,N
9821,construcción,concept,1,Top>Location>Facility,N
9823,floor,concept,3,Top>Location,N
9824,farm,concept,4,Top>Location>Facility,N
9833,AC,entity,2,Top,N
9834,elevator,concept,1,Top>Location>Facility,N
9838,group,concept,5,Top>Organization,N
9839,passenger,concept,6,Top>Person,N
9840,outlet,concept,7,Top,N
9850,elevator,concept,1,Top>Location>Facility,N
9859,construcción,concept,1,Top>Location>Facility,N
9861,floor,concept,3,Top>Location,N
9862,farm,concept,4,Top>Location>Facility,N
9871,AC,entity,2,Top,N
9872,elevator,concept,1,Top>Location>Facility,N
9876,group,concept,5,Top>Organization,N
9877,passenger,concept,6,Top>Person,N
9878,outlet,concept,7,Top,N
9888,elevator,concept,1,Top>Location>Facility,N
9897,construcción,concept,1,Top>Location>Facility,N
9899,floor,concept,3,Top>Location,N
9900,farm,concept,4,Top>Location>Facility,N
9909,AC,entity,2,Top,N
9910,elevator,concept,1,Top>Location>Facility,N
9914,group,concept,5,Top>Organization,N
9915,passenger,concept,6,Top>Person,N
9916,outlet,concept,7,Top,N
9926,elevator,concept,1,Top>Location>Facility,N
9935,construcción,concept,1,Top>Location>Facility,N
9937,floor,concept,3,Top>Location,N
9938,farm,concept,4,Top>Location>Facility,N
9947,AC,entity,2,Top,N
9948,elevator,concept,1,Top>Location>Facility,N
9952,group,concept,5,Top>Organization,N
9953,passenger,concept,6,Top>Person,N
9954,outlet,concept,7,Top,N
9964,elevator,concept,1,Top>Location>Facility,N
9973,construcción,concept,1,Top>Location>Facility,N
9975,floor,concept,3,Top>Location,N
9976,farm,concept,4,Top>Location>Facility,N
9986,feature,concept,2,Top>OtherEntity,N
9989,report,concept,5,Top>Product>CulturalProduct>Broadcast,N
10031,feature,concept,2,Top>OtherEntity,N
10034,report,concept,5,Top>Product>CulturalProduct>Broadcast,N
10076,feature,concept,2,Top>OtherEntity,N
10079,report,concept,5,Top>Product>CulturalProduct>Broadcast,N
10121,feature,concept,2,Top>OtherEntity,N
10124,report,concept,5,Top>Product>CulturalProduct>Broadcast,N
10166,feature,concept,2,Top>OtherEntity,N
10169,report,concept,5,Top>Product>CulturalProduct>Broadcast,N
10211,feature,concept,2,Top>OtherEntity,N
10214,report,concept,5,Top>Product>CulturalProduct>Broadcast,N
10256,feature,concept,2,Top>OtherEntity,N
10259,report,concept,5,Top>Product>CulturalProduct>Broadcast,N
10301,feature,concept,2,Top>OtherEntity,N
10304,report,concept,5,Top>Product>CulturalProduct>Broadcast,N
10346,feature,concept,2,Top>OtherEntity,N
10349,report,concept,5,Top>Product>CulturalProduct>Broadcast,N
10391,feature,concept,2,Top>OtherEntity,N
10394,report,concept,5,Top>Product>CulturalProduct>Broadcast,N
10436,feature,concept,2,Top>OtherEntity,N
10439,report,concept,5,Top>Product>CulturalProduct>Broadcast,N
10481,feature,concept,2,Top>OtherEntity,N
10484,report,concept,5,Top>Product>CulturalProduct>Broadcast,N
10671,road,concept,8,Top>Location>Facility>Line,N
10676,road,concept,13,Top>Location>Facility>Line,N
11095,toilet,concept,4,Top>Location>Facility,N
11097,condition,concept,6,Top,N
11181,toilet,concept,4,Top>Location>Facility,N
11183,condition,concept,6,Top,N
11267,toilet,concept,4,Top>Location>Facility,N
11269,condition,concept,6,Top,N
11353,toilet,concept,4,Top>Location>Facility,N
11355,condition,concept,6,Top,N
11436,arrival,concept,5,Top>Event,N
11452,stairs,concept,21,Top>Product,N
11504,arrival,concept,5,Top>Event,N
11520,stairs,concept,21,Top>Product,N
11572,arrival,concept,5,Top>Event,N
11588,stairs,concept,21,Top>Product,N
11640,arrival,concept,5,Top>Event,N
11656,stairs,concept,21,Top>Product,N
11708,arrival,concept,5,Top>Event,N
11724,stairs,concept,21,Top>Product,N
11776,arrival,concept,5,Top>Event,N
11792,stairs,concept,21,Top>Product,N
11844,arrival,concept,5,Top>Event,N
11860,stairs,concept,21,Top>Product,N
11912,arrival,concept,5,Top>Event,N
11928,stairs,concept,21,Top>Product,N
11980,arrival,concept,5,Top>Event,N
11996,stairs,concept,21,Top>Product,N
12048,arrival,concept,5,Top>Event,N
12064,stairs,concept,21,Top>Product,N
12116,arrival,concept,5,Top>Event,N
12132,stairs,concept,21,Top>Product,N
12184,arrival,concept,5,Top>Event,N
12200,stairs,concept,21,Top>Product,N
12252,arrival,concept,5,Top>Event,N
12268,stairs,concept,21,Top>Product,N
12320,arrival,concept,5,Top>Event,N
12336,stairs,concept,21,Top>Product,N
12388,arrival,concept,5,Top>Event,N
12404,stairs,concept,21,Top>Product,N
12456,arrival,concept,5,Top>Event,N
12472,stairs,concept,21,Top>Product,N
12524,arrival,concept,5,Top>Event,N
12540,stairs,concept,21,Top>Product,N
12592,arrival,concept,5,Top>Event,N
12608,stairs,concept,21,Top>Product,N
12660,arrival,concept,5,Top>Event,N
12676,stairs,concept,21,Top>Product,N
12728,arrival,concept,5,Top>Event,N
12744,stairs,concept,21,Top>Product,N
12796,arrival,concept,5,Top>Event,N
12812,stairs,concept,21,Top>Product,N
12864,arrival,concept,5,Top>Event,N
12880,stairs,concept,21,Top>Product,N
12932,arrival,concept,5,Top>Event,N
12948,stairs,concept,21,Top>Product,N
13000,arrival,concept,5,Top>Event,N
13016,stairs,concept,21,Top>Product,N
13068,arrival,concept,5,Top>Event,N
13084,stairs,concept,21,Top>Product,N
13136,arrival,concept,5,Top>Event,N
13152,stairs,concept,21,Top>Product,N
13204,arrival,concept,5,Top>Event,N
13220,stairs,concept,21,Top>Product,N
13272,arrival,concept,5,Top>Event,N
13288,stairs,concept,21,Top>Product,N
13340,arrival,concept,5,Top>Event,N
13356,stairs,concept,21,Top>Product,N
13366,interior,concept,6,Top>Location,N
13446,RC,entity,2,Top,N
13452,village,concept,2,Top>Location>GeoPoliticalEntity>City,N
13454,town,concept,4,Top>Location>GeoPoliticalEntity>City,N
13458,town,concept,8,Top>Location>GeoPoliticalEntity,N
13492,interior,concept,6,Top>Location,N
13572,RC,entity,2,Top,N
13578,village,concept,2,Top>Location>GeoPoliticalEntity>City,N
13580,town,concept,4,Top>Location>GeoPoliticalEntity>City,N
13584,town,concept,8,Top>Location>GeoPoliticalEntity,N
13618,interior,concept,6,Top>Location,N
13698,RC,entity,2,Top,N
13704,village,concept,2,Top>Location>GeoPoliticalEntity>City,N
13706,town,concept,4,Top>Location>GeoPoliticalEntity>City,N
13710,town,concept,8,Top>Location>GeoPoliticalEntity,N
13744,interior,concept,6,Top>Location,N
13824,RC,entity,2,Top,N
13830,village,concept,2,Top>Location>GeoPoliticalEntity>City,N
13832,town,concept,4,Top>Location>GeoPoliticalEntity>City,N
13836,town,concept,8,Top>Location>GeoPoliticalEntity,N
13870,interior,concept,6,Top>Location,N
13950,RC,entity,2,Top,N
13956,village,concept,2,Top>Location>GeoPoliticalEntity>City,N
13958,town,concept,4,Top>Location>GeoPoliticalEntity>City,N
13962,town,concept,8,Top>Location>GeoPoliticalEntity,N
13996,interior,concept,6,Top>Location,N
14076,RC,entity,2,Top,N
14082,village,concept,2,Top>Location>GeoPoliticalEntity>City,N
14084,town,concept,4,Top>Location>GeoPoliticalEntity>City,N
14088,town,concept,8,Top>Location>GeoPoliticalEntity,N
14122,interior,concept,6,Top>Location,N
14202,RC,entity,2,Top,N
14208,village,concept,2,Top>Location>GeoPoliticalEntity>City,N
14210,town,concept,4,Top>Location>GeoPoliticalEntity>City,N
14214,town,concept,8,Top>Location>GeoPoliticalEntity,N
14248,interior,concept,6,Top>Location,N
14328,RC,entity,2,Top,N
14334,village,concept,2,Top>Location>GeoPoliticalEntity>City,N
14336,town,concept,4,Top>Location>GeoPoliticalEntity>City,N
14340,town,concept,8,Top>Location>GeoPoliticalEntity,N
14374,interior,concept,6,Top>Location,N
14454,RC,entity,2,Top,N
14460,village,concept,2,Top>Location>GeoPoliticalEntity>City,N
14462,town,concept,4,Top>Location>GeoPoliticalEntity>City,N
14466,town,concept,8,Top>Location>GeoPoliticalEntity,N
14500,interior,concept,6,Top>Location,N
14580,RC,entity,2,Top,N
14586,village,concept,2,Top>Location>GeoPoliticalEntity>City,N
14588,town,concept,4,Top>Location>GeoPoliticalEntity>City,N
14592,town,concept,8,Top>Location>GeoPoliticalEntity,N
14626,interior,concept,6,Top>Location,N
14706,RC,entity,2,Top,N
14712,village,concept,2,Top>Location>GeoPoliticalEntity>City,N
14714,town,concept,4,Top>Location>GeoPoliticalEntity>City,N
14718,town,concept,8,Top>Location>GeoPoliticalEntity,N
14752,interior,concept,6,Top>Location,N
14832,RC,entity,2,Top,N
14838,village,concept,2,Top>Location>GeoPoliticalEntity>City,N
14840,town,concept,4,Top>Location>GeoPoliticalEntity>City,N
14844,town,concept,8,Top>Location>GeoPoliticalEntity,N
14878,interior,concept,6,Top>Location,N
14958,RC,entity,2,Top,N
14964,village,concept,2,Top>Location>GeoPoliticalEntity>City,N
14966,town,concept,4,Top>Location>GeoPoliticalEntity>City,N
14970,town,concept,8,Top>Location>GeoPoliticalEntity,N
15004,interior,concept,6,Top>Location,N
15084,RC,entity,2,Top,N
15090,village,concept,2,Top>Location>GeoPoliticalEntity>City,N
15092,town,concept,4,Top>Location>GeoPoliticalEntity>City,N
15096,town,concept,8,Top>Location>GeoPoliticalEntity,N
15130,interior,concept,6,Top>Location,N
15210,RC,entity,2,Top,N
15216,village,concept,2,Top>Location>GeoPoliticalEntity>City,N
15218,town,concept,4,Top>Location>GeoPoliticalEntity>City,N
15222,town,concept,8,Top>Location>GeoPoliticalEntity,N
15256,interior,concept,6,Top>Location,N
15336,RC,entity,2,Top,N
15342,village,concept,2,Top>Location>GeoPoliticalEntity>City,N
15344,town,concept,4,Top>Location>GeoPoliticalEntity>City,N
15348,town,concept,8,Top>Location>GeoPoliticalEntity,N
15382,interior,concept,6,Top>Location,N
15462,RC,entity,2,Top,N
15468,village,concept,2,Top>Location>GeoPoliticalEntity>City,N
15470,town,concept,4,Top>Location>GeoPoliticalEntity>City,N
15474,town,concept,8,Top>Location>GeoPoliticalEntity,N
15518,room,concept,7,Top>Location>Facility,N
15521,room,concept,10,Top>Location>Facility,N
15529,interior,concept,7,Top>Location,N
15555,room,concept,7,Top>Location>Facility,N
15558,room,concept,10,Top>Location>Facility,N
15566,interior,concept,7,Top>Location,N
15592,room,concept,7,Top>Location>Facility,N
15595,room,concept,10,Top>Location>Facility,N
15603,interior,concept,7,Top>Location,N
15629,room,concept,7,Top>Location>Facility,N
15632,room,concept,10,Top>Location>Facility,N
15640,interior,concept,7,Top>Location,N
15710,buffet,concept,3,Top,N
15716,meal,concept,9,Top>Product>Food,N
15761,garlic,concept,6,Top>LivingThing>Flora,N
15762,pickle,concept,7,Top>Product>Food>FruitOrVegetable,N
15764,rice,concept,9,Top>Product>Food>FruitOrVegetable,N
15766,rice,concept,11,Top>LivingThing>Flora,N
15814,garlic,concept,6,Top>LivingThing>Flora,N
15815,pickle,concept,7,Top>Product>Food>FruitOrVegetable,N
15817,rice,concept,9,Top>Product>Food>FruitOrVegetable,N
15819,rice,concept,11,Top>LivingThing>Flora,N
15867,garlic,concept,6,Top>LivingThing>Flora,N
15868,pickle,concept,7,Top>Product>Food>FruitOrVegetable,N
15870,rice,concept,9,Top>Product>Food>FruitOrVegetable,N
15872,rice,concept,11,Top>LivingThing>Flora,N
15920,garlic,concept,6,Top>LivingThing>Flora,N
15921,pickle,concept,7,Top>Product>Food>FruitOrVegetable,N
15923,rice,concept,9,Top>Product>Food>FruitOrVegetable,N
15925,rice,concept,11,Top>LivingThing>Flora,N
15958,chance,concept,2,Top>OtherEntity,N
15990,chance,concept,2,Top>OtherEntity,N
16022,chance,concept,2,Top>OtherEntity,N
16054,chance,concept,2,Top>OtherEntity,N
16086,chance,concept,2,Top>OtherEntity,N
16118,chance,concept,2,Top>OtherEntity,N
16150,chance,concept,2,Top>OtherEntity,N
16182,chance,concept,2,Top>OtherEntity,N
16214,chance,concept,2,Top>OtherEntity,N
16246,chance,concept,2,Top>OtherEntity,N
16278,chance,concept,2,Top>OtherEntity,N
16310,chance,concept,2,Top>OtherEntity,N
16342,chance,concept,2,Top>OtherEntity,N
16374,chance,concept,2,Top>OtherEntity,N
16406,chance,concept,2,Top>OtherEntity,N
16438,chance,concept,2,Top>OtherEntity,N
16470,chance,concept,2,Top>OtherEntity,N
16502,chance,concept,2,Top>OtherEntity,N
16534,chance,concept,2,Top>OtherEntity,N
16566,chance,concept,2,Top>OtherEntity,N
16598,chance,concept,2,Top>OtherEntity,N
16630,chance,concept,2,Top>OtherEntity,N
16662,chance,concept,2,Top>OtherEntity,N
16694,hotel,concept,1,Top>Organization>Company>ConsumerGoodsCompany>Discretionary>ConsumerServicesCompany>Hotels,N
16714,restaurant,concept,7,Top>Organization>Company>ConsumerGoodsCompany>Discretionary>ConsumerServicesCompany>Restaurants,N
16718,breakfast,concept,11,Top>Event,N
16719,breakfast,concept,12,Top>Product>Food,N
16733,hotel,concept,1,Top>Organization>Company>ConsumerGoodsCompany>Discretionary>ConsumerServicesCompany>Hotels,N
16753,restaurant,concept,7,Top>Organization>Company>ConsumerGoodsCompany>Discretionary>ConsumerServicesCompany>Restaurants,N
16757,breakfast,concept,11,Top>Event,N
16758,breakfast,concept,12,Top>Product>Food,N
16772,hotel,concept,1,Top>Organization>Company>ConsumerGoodsCompany>Discretionary>ConsumerServicesCompany>Hotels,N
16792,restaurant,concept,7,Top>Organization>Company>ConsumerGoodsCompany>Discretionary>ConsumerServicesCompany>Restaurants,N
16796,breakfast,concept,11,Top>Event,N
16797,breakfast,concept,12,Top>Product>Food,N
16811,hotel,concept,1,Top>Organization>Company>ConsumerGoodsCompany>Discretionary>ConsumerServicesCompany>Hotels,N
16831,restaurant,concept,7,Top>Organization>Company>ConsumerGoodsCompany>Discretionary>ConsumerServicesCompany>Restaurants,N
16835,breakfast,concept,11,Top>Event,N
16836,breakfast,concept,12,Top>Product>Food,N
16850,hotel,concept,1,Top>Organization>Company>ConsumerGoodsCompany>Discretionary>ConsumerServicesCompany>Hotels,N
16870,restaurant,concept,7,Top>Organization>Company>ConsumerGoodsCompany>Discretionary>ConsumerServicesCompany>Restaurants,N
16874,breakfast,concept,11,Top>Event,N
16875,breakfast,concept,12,Top>Product>Food,N
16889,hotel,concept,1,Top>Organization>Company>ConsumerGoodsCompany>Discretionary>ConsumerServicesCompany>Hotels,N
16909,restaurant,concept,7,Top>Organization>Company>ConsumerGoodsCompany>Discretionary>ConsumerServicesCompany>Restaurants,N
16913,breakfast,concept,11,Top>Event,N
16914,breakfast,concept,12,Top>Product>Food,N
16928,hotel,concept,1,Top>Organization>Company>ConsumerGoodsCompany>Discretionary>ConsumerServicesCompany>Hotels,N
16948,restaurant,concept,7,Top>Organization>Company>ConsumerGoodsCompany>Discretionary>ConsumerServicesCompany>Restaurants,N
16952,breakfast,concept,11,Top>Event,N
16953,breakfast,concept,12,Top>Product>Food,N
16967,hotel,concept,1,Top>Organization>Company>ConsumerGoodsCompany>Discretionary>ConsumerServicesCompany>Hotels,N
16987,restaurant,concept,7,Top>Organization>Company>ConsumerGoodsCompany>Discretionary>ConsumerServicesCompany>Restaurants,N
16991,breakfast,concept,11,Top>Event,N
16992,breakfast,concept,12,Top>Product>Food,N
17006,hotel,concept,1,Top>Organization>Company>ConsumerGoodsCompany>Discretionary>ConsumerServicesCompany>Hotels,N
17026,restaurant,concept,7,Top>Organization>Company>ConsumerGoodsCompany>Discretionary>ConsumerServicesCompany>Restaurants,N
17030,breakfast,concept,11,Top>Event,N
17031,breakfast,concept,12,Top>Product>Food,N
17045,hotel,concept,1,Top>Organization>Company>ConsumerGoodsCompany>Discretionary>ConsumerServicesCompany>Hotels,N
17065,restaurant,concept,7,Top>Organization>Company>ConsumerGoodsCompany>Discretionary>ConsumerServicesCompany>Restaurants,N
17069,breakfast,concept,11,Top>Event,N
17070,breakfast,concept,12,Top>Product>Food,N
17084,hotel,concept,1,Top>Organization>Company>ConsumerGoodsCompany>Discretionary>ConsumerServicesCompany>Hotels,N
17104,restaurant,concept,7,Top>Organization>Company>ConsumerGoodsCompany>Discretionary>ConsumerServicesCompany>Restaurants,N
17108,breakfast,concept,11,Top>Event,N
17109,breakfast,concept,12,Top>Product>Food,N
17122,car,concept,1,Top>Product>Machine>Vehicle>Car,N
17143,brake,concept,2,Top>Product>Machine>Instrument,N
17163,room,concept,12,Top>Location>Facility,N
17172,room,concept,21,Top>Location>Facility,N
17187,buffet,concept,11,Top,N
17210,doctor,concept,5,Top>OtherEntity>Vocation,N
17212,fever,concept,7,Top>OtherEntity>Disease,N
17220,doctor,concept,15,Top>OtherEntity>Title,N
17225,mother,concept,20,Top>Person,N
17230,car,concept,1,Top>Product>Machine>Vehicle>Car,N
17249,brake,concept,2,Top>Product>Machine>Instrument,N
17269,room,concept,12,Top>Location>Facility,N
17278,room,concept,21,Top>Location>Facility,N
17293,buffet,concept,11,Top,N
17316,doctor,concept,5,Top>OtherEntity>Vocation,N
17318,fever,concept,7,Top>OtherEntity>Disease,N
17326,doctor,concept,15,Top>OtherEntity>Title,N
17331,mother,concept,20,Top>Person,N
17336,car,concept,1,Top>Product>Machine>Vehicle>Car,N
17357,brake,concept,2,Top>Product>Machine>Instrument,N
17377,room,concept,12,Top>Location>Facility,N
17386,room,concept,21,Top>Location>Facility,N
17401,buffet,concept,11,Top,N
17424,doctor,concept,5,Top>OtherEntity>Vocation,N
17426,fever,concept,7,Top>OtherEntity>Disease,N
17434,doctor,concept,15,Top>OtherEntity>Title,N
17439,mother,concept,20,Top>Person,N
17444,car,concept,1,Top>Product>Machine>Vehicle>Car,N
17465,brake,concept,2,Top>Product>Machine>Instrument,N
17485,room,concept,12,Top>Location>Facility,N
17494,room,concept,21,Top>Location>Facility,N
17509,buffet,concept,11,Top,N
17532,doctor,concept,5,Top>OtherEntity>Vocation,N
17534,fever,concept,7,Top>OtherEntity>Disease,N
17542,doctor,concept,15,Top>OtherEntity>Title,N
17547,mother,concept,20,Top>Person,N
17552,car,concept,1,Top>Product>Machine>Vehicle>Car,N
17573,brake,concept,2,Top>Product>Machine>Instrument,N
17593,room,concept,12,Top>Location>Facility,N
17602,room,concept,21,Top>Location>Facility,N
17617,buffet,concept,11,Top,N
17640,doctor,concept,5,Top>OtherEntity>Vocation,N
17642,fever,concept,7,Top>OtherEntity>Disease,N
17650,doctor,concept,15,Top>OtherEntity>Title,N
17655,mother,concept,20,Top>Person,N
17890,food,concept,3,Top>Product>Food,N
17937,food,concept,3,Top>Product>Food,N
17984,food,concept,3,Top>Product>Food,N
18031,food,concept,3,Top>Product>Food,N
18078,space,concept,18,Top>Location,N
18085,space,concept,25,Top>Unit>SpaceUnit,N
18110,kitchen,concept,50,Top>Location>Facility,N
18116,sink,concept,56,Top>Product,N
18214,room,concept,18,Top>Location>Facility,N
18218,room,concept,22,Top>Location>Facility,N
18233,place,concept,5,Top>Location,N
18238,building,concept,10,Top>Location>Facility,N
18241,property,concept,13,Top,N
18275,room,concept,18,Top>Location>Facility,N
18279,room,concept,22,Top>Location>Facility,N
18294,place,concept,5,Top>Location,N
18299,building,concept,10,Top>Location>Facility,N
18302,property,concept,13,Top,N
18336,room,concept,18,Top>Location>Facility,N
18340,room,concept,22,Top>Location>Facility,N
18355,place,concept,5,Top>Location,N
18360,building,concept,10,Top>Location>Facility,N
18363,property,concept,13,Top,N
18685,bed,concept,3,Top>Location>GeographicalEntity>WaterForm>Channel,N
18694,bathroom,concept,12,Top>Location>Facility,N
18702,food,concept,3,Top>Product>Food,N
18711,lighting,concept,7,Top,N
18712,staff,concept,8,Top>Organization,N
18713,bathroom,concept,9,Top>Location>Facility,N
18714,window,concept,10,Top>Product,N
18715,room,concept,11,Top>Location>Facility,N
18717,room,concept,13,Top>Location>Facility,N
18729,bed,concept,3,Top>Location>GeographicalEntity>WaterForm>Channel,N
18738,bathroom,concept,12,Top>Location>Facility,N
18746,food,concept,3,Top>Product>Food,N
18755,lighting,concept,7,Top,N
18756,staff,concept,8,Top>Organization,N
18757,bathroom,concept,9,Top>Location>Facility,N
18758,window,concept,10,Top>Product,N
18759,room,concept,11,Top>Location>Facility,N
18761,room,concept,13,Top>Location>Facility,N
18773,bed,concept,3,Top>Location>GeographicalEntity>WaterForm>Channel,N
18782,bathroom,concept,12,Top>Location>Facility,N
18790,food,concept,3,Top>Product>Food,N
18799,lighting,concept,7,Top,N
18800,staff,concept,8,Top>Organization,N
18801,bathroom,concept,9,Top>Location>Facility,N
18802,window,concept,10,Top>Product,N
18803,room,concept,11,Top>Location>Facility,N
18805,room,concept,13,Top>Location>Facility,N
18817,bed,concept,3,Top>Location>GeographicalEntity>WaterForm>Channel,N
18826,bathroom,concept,12,Top>Location>Facility,N
18834,food,concept,3,Top>Product>Food,N
18843,lighting,concept,7,Top,N
18844,staff,concept,8,Top>Organization,N
18845,bathroom,concept,9,Top>Location>Facility,N
18846,window,concept,10,Top>Product,N
18847,room,concept,11,Top>Location>Facility,N
18849,room,concept,13,Top>Location>Facility,N
1,hotel,concept,2,Top>Organization>Company>ConsumerGoodsCompany>Discretionary>ConsumerServicesCompany>Hotels,N+
4,service,concept,5,Top>Product>ProfessionalService,N+
5,laundry,concept,6,Top>Location>Facility,N+
199,room,concept,6,Top>Location>Facility,N+
200,room,concept,7,Top>Location>Facility,N+
482,breakfast,concept,11,Top>Event,N+
485,breakfast,concept,14,Top>Product>Food,N+
517,staff,concept,10,Top>Organization,N+
518,plug,concept,11,Top>Product,N+
575,breakfast,concept,6,Top>Event,N+
577,breakfast,concept,8,Top>Product>Food,N+
673,iPad,entity,1,Top>Product>Machine>ElectronicAppliance>ElectronicDevice,N+
674,iPhone,entity,2,Top>Product>Machine>ElectronicAppliance>MobilePhone,N+
678,tablet,concept,4,Top>Product>Machine>ElectronicAppliance>ElectronicDevice,N+
681,tablet,concept,7,Top>Product,N+
682,electrical outlet,concept,8,Top>Product,N+
683,computer,concept,9,Top>Product>Machine>ElectronicAppliance>Computer,N+
684,place,concept,10,Top>Location,N+
685,lighting,concept,11,Top,N+
687,pill,concept,13,Top>Product>Substance>Drug,N+
800,group,concept,6,Top>Organization,N+
804,food,concept,10,Top>Product>Food,N+
1113,environment,concept,2,Top,N+
1115,environment,concept,4,Top,N+
1124,area,concept,6,Top>Location,N+
1283,room,concept,26,Top>Location>Facility,N+
1294,room,concept,37,Top>Location>Facility,N+
1615,hotel,concept,4,Top>Organization>Company>ConsumerGoodsCompany>Discretionary>ConsumerServicesCompany>Hotels,N+
1692,coffee,concept,10,Top>Product>Food>Beverage,N+
1710,hotel,concept,1,Top>Organization>Company>ConsumerGoodsCompany>Discretionary>ConsumerServicesCompany>Hotels,N+
1712,trip,concept,3,Top,N+
1783,hotel,concept,2,Top>Organization>Company>ConsumerGoodsCompany>Discretionary>ConsumerServicesCompany>Hotels,N+
1784,advertisement,concept,3,Top>Product>CulturalProduct>Broadcast,N+
1795,spot,concept,14,Top>Product>CulturalProduct>Broadcast,N+
1798,bathroom,concept,17,Top>Location>Facility,N+
1801,Italian,concept,20,Top,N+
1805,tourist,concept,24,Top>Person,N+
1806,Spanish,concept,25,Top,N+
1807,green,concept,26,Top>OtherEntity>Color,N+
2332,drawback,concept,10,Top,N+
2416,breakfast,concept,34,Top>Event,N+
2417,dollar,concept,35,Top>Unit>Currency,N+
2421,breakfast,concept,39,Top>Product>Food,N+
2425,dinner,concept,43,Top>Product>Food,N+
2427,living room,concept,45,Top>Location>Facility,N+
2428,area,concept,46,Top>Location,N+
2435,hall,concept,53,Top>Location>Facility,N+
2440,dinner,concept,58,Top>Event,N+
2441,hostel,concept,59,Top>Location>Facility,N+
3031,electricity,concept,3,Top,N+
3274,breakfast,concept,9,Top>Event,N+
3276,breakfast,concept,11,Top>Product>Food,N+
3311,West Bank,entity,1,Top>Organization>Company>FinancialCompany>BankingCompany>BankingServices>Bank,N+
3316,location,concept,5,Top>Location>Address,N+
3320,location,concept,9,Top>Location,N+
3371,Belen,entity,2,Top>Location>GeoPoliticalEntity>City,N+
3570,room,concept,7,Top>Location>Facility,N+
3573,room,concept,10,Top>Location>Facility,N+
3634,shower,concept,4,Top>Event>NaturalPhenomena,N+
3636,cabin,concept,6,Top>Location>Facility,N+
3641,room,concept,11,Top>Location>Facility,N+
3643,room,concept,13,Top>Location>Facility,N+
3715,lunch,concept,1,Top>Product>Food,N+
3720,dinner,concept,6,Top>Product>Food,N+
3722,room,concept,8,Top>Location>Facility,N+
3723,dinner,concept,9,Top>Event,N+
3724,room,concept,10,Top>Location>Facility,N+
3802,street,concept,6,Top>Location>Facility>Line,N+
3810,location,concept,14,Top>Location>Address,N+
3818,location,concept,22,Top>Location,N+
3820,road,concept,24,Top>Location>Facility>Line,N+
3837,road,concept,41,Top>Location>Facility>Line,N+
3981,food,concept,1,Top>Product>Food,N+
3985,room,concept,5,Top>Location>Facility,N+
3986,room,concept,6,Top>Location>Facility,N+
4254,shower,concept,6,Top>Event>NaturalPhenomena,N+
4257,breakfast,concept,9,Top>Event,N+
4259,breakfast,concept,11,Top>Product>Food,N+
4281,robbery,concept,14,Top>OtherEntity>Offence,N+
4399,village,concept,2,Top>Location>GeoPoliticalEntity>City,N+
4401,street,concept,4,Top>Location>Facility>Line,N+
4402,town,concept,5,Top>Location>GeoPoliticalEntity>City,N+
4410,town,concept,13,Top>Location>GeoPoliticalEntity,N+
4428,city,concept,31,Top>Location>GeoPoliticalEntity>City,N+
4432,garbage,concept,35,Top,N+
4442,room,concept,45,Top>Location>Facility,N+
4452,room,concept,55,Top>Location>Facility,N+
4467,elevation,concept,12,Top,N+
4550,Jerusalem Hotels,entity,2,Top,N+
4599,room,concept,8,Top>Location>Facility,N+
4601,room,concept,10,Top>Location>Facility,N+
4660,channel,concept,3,Top>Location>GeographicalEntity>WaterForm>Channel,N+
4672,channel,concept,15,Top>Organization>Company>ConsumerGoodsCompany>Discretionary>ConsumerServicesCompany>MediaCompany,N+
4738,laundry,concept,5,Top>Location>Facility,N+
4744,pain,concept,3,Top>OtherEntity>Disease,N+
4946,hotel,concept,1,Top>Organization>Company>ConsumerGoodsCompany>Discretionary>ConsumerServicesCompany>Hotels,N+
4949,service,concept,4,Top>Product>ProfessionalService,N+
5020,building,concept,15,Top>Location>Facility,N+
5022,pressure,concept,17,Top,N+
5023,property,concept,18,Top,N+
5121,breakfast,concept,4,Top>Event,N+
5123,breakfast,concept,6,Top>Product>Food,N+
5306,place,concept,12,Top>Location,N+
5338,food,concept,9,Top>Product>Food,N+
5344,standard,concept,15,Top>Product,N+
5383,service,concept,14,Top>Product>ProfessionalService,N+
5406,place,concept,4,Top>Location,N+
5408,service,concept,6,Top>Product>ProfessionalService,N+
5468,generator,concept,1,Top>Product>Machine>Instrument,N+
5472,electricity,concept,5,Top,N+
5483,supply,concept,16,Top>Process,N+
5493,hotel,concept,5,Top>Organization>Company>ConsumerGoodsCompany>Discretionary>ConsumerServicesCompany>Hotels,N+
5568,Gaza,entity,1,Top>Location>GeoPoliticalEntity>City,N+
5583,place,concept,13,Top>Location,N+
5809,room,concept,13,Top>Location>Facility,N+
5811,room,concept,15,Top>Location>Facility,N+
5957,restaurant,concept,10,Top>Organization>Company>ConsumerGoodsCompany>Discretionary>ConsumerServicesCompany>Restaurants,N+
5960,store,concept,13,Top>Location>Facility>Market,N+
6139,garbage,concept,10,Top,N+
6142,area,concept,13,Top>Location,N+
6179,Ramallah,entity,1,Top>Location>GeoPoliticalEntity>City,N+
6209,snooker,concept,10,Top>OtherEntity>Doctrine>Sports,N+
6213,swimming-pool,concept,14,Top>Location>Facility,N+
6214,pool,concept,15,Top>Location>GeographicalEntity>WaterForm,N+
6216,West Bank,entity,2,Top>Organization>Company>FinancialCompany>BankingCompany>BankingServices>Bank,N+
6292,breakfast,concept,9,Top>Event,N+
6293,breakfast,concept,10,Top>Product>Food,N+
6338,service,concept,10,Top>Product>ProfessionalService,N+
6399,service,concept,10,Top>Product>ProfessionalService,N+
6460,service,concept,10,Top>Product>ProfessionalService,N+
6521,service,concept,10,Top>Product>ProfessionalService,N+
6582,service,concept,10,Top>Product>ProfessionalService,N+
6643,service,concept,10,Top>Product>ProfessionalService,N+
6704,service,concept,10,Top>Product>ProfessionalService,N+
6765,service,concept,10,Top>Product>ProfessionalService,N+
6826,service,concept,10,Top>Product>ProfessionalService,N+
6887,service,concept,10,Top>Product>ProfessionalService,N+
6948,service,concept,10,Top>Product>ProfessionalService,N+
7009,service,concept,10,Top>Product>ProfessionalService,N+
7941,condition,concept,6,Top,N+
7974,condition,concept,6,Top,N+
8007,condition,concept,6,Top,N+
8040,condition,concept,6,Top,N+
8073,condition,concept,6,Top,N+
8106,condition,concept,6,Top,N+
8139,condition,concept,6,Top,N+
8172,condition,concept,6,Top,N+
11079,condition,concept,6,Top,N+
11093,hotel,concept,2,Top>Organization>Company>ConsumerGoodsCompany>Discretionary>ConsumerServicesCompany>Hotels,N+
11165,condition,concept,6,Top,N+
11179,hotel,concept,2,Top>Organization>Company>ConsumerGoodsCompany>Discretionary>ConsumerServicesCompany>Hotels,N+
11251,condition,concept,6,Top,N+
11265,hotel,concept,2,Top>Organization>Company>ConsumerGoodsCompany>Discretionary>ConsumerServicesCompany>Hotels,N+
11337,condition,concept,6,Top,N+
11351,hotel,concept,2,Top>Organization>Company>ConsumerGoodsCompany>Discretionary>ConsumerServicesCompany>Hotels,N+
15513,photograph,concept,2,Top>Product,N+
15514,condition,concept,3,Top,N+
15550,photograph,concept,2,Top>Product,N+
15551,condition,concept,3,Top,N+
15587,photograph,concept,2,Top>Product,N+
15588,condition,concept,3,Top,N+
15624,photograph,concept,2,Top>Product,N+
15625,condition,concept,3,Top,N+
17181,fruit juice,concept,5,Top,N+
17182,feature,concept,6,Top>OtherEntity,N+
17188,report,concept,12,Top>Product>CulturalProduct>Broadcast,N+
17189,breakfast,concept,13,Top>Event,N+
17190,breakfast,concept,14,Top>Product>Food,N+
17222,staff,concept,17,Top>Organization,N+
17287,fruit juice,concept,5,Top,N+
17288,feature,concept,6,Top>OtherEntity,N+
17294,report,concept,12,Top>Product>CulturalProduct>Broadcast,N+
17295,breakfast,concept,13,Top>Event,N+
17296,breakfast,concept,14,Top>Product>Food,N+
17328,staff,concept,17,Top>Organization,N+
17395,fruit juice,concept,5,Top,N+
17396,feature,concept,6,Top>OtherEntity,N+
17402,report,concept,12,Top>Product>CulturalProduct>Broadcast,N+
17403,breakfast,concept,13,Top>Event,N+
17404,breakfast,concept,14,Top>Product>Food,N+
17436,staff,concept,17,Top>Organization,N+
17503,fruit juice,concept,5,Top,N+
17504,feature,concept,6,Top>OtherEntity,N+
17510,report,concept,12,Top>Product>CulturalProduct>Broadcast,N+
17511,breakfast,concept,13,Top>Event,N+
17512,breakfast,concept,14,Top>Product>Food,N+
17544,staff,concept,17,Top>Organization,N+
17611,fruit juice,concept,5,Top,N+
17612,feature,concept,6,Top>OtherEntity,N+
17618,report,concept,12,Top>Product>CulturalProduct>Broadcast,N+
17619,breakfast,concept,13,Top>Event,N+
17620,breakfast,concept,14,Top>Product>Food,N+
17652,staff,concept,17,Top>Organization,N+
18059,Ramallah,entity,2,Top>Location>GeoPoliticalEntity>City,N+
18206,breakfast,concept,10,Top>Event,N+
18208,breakfast,concept,12,Top>Product>Food,N+
18267,breakfast,concept,10,Top>Event,N+
18269,breakfast,concept,12,Top>Product>Food,N+
18328,breakfast,concept,10,Top>Event,N+
18330,breakfast,concept,12,Top>Product>Food,N+
18690,breakfast,concept,8,Top>Event,N+
18692,breakfast,concept,10,Top>Product>Food,N+
18709,breakfast,concept,5,Top>Event,N+
18710,breakfast,concept,6,Top>Product>Food,N+
18734,breakfast,concept,8,Top>Event,N+
18736,breakfast,concept,10,Top>Product>Food,N+
18753,breakfast,concept,5,Top>Event,N+
18754,breakfast,concept,6,Top>Product>Food,N+
18778,breakfast,concept,8,Top>Event,N+
18780,breakfast,concept,10,Top>Product>Food,N+
18797,breakfast,concept,5,Top>Event,N+
18798,breakfast,concept,6,Top>Product>Food,N+
18822,breakfast,concept,8,Top>Event,N+
18824,breakfast,concept,10,Top>Product>Food,N+
18841,breakfast,concept,5,Top>Event,N+
18842,breakfast,concept,6,Top>Product>Food,N+
