Form,Topic_Category,Rank,Type,Polarity
AC,entity,1,Top,N
AC,entity,0.5,Top,N
AC,entity,0.5,Top,N
AC,entity,0.5,Top,N
AC,entity,0.5,Top,N
AC,entity,0.5,Top,N
AC,entity,0.5,Top,N
AC,entity,0.5,Top,N
AC,entity,0.5,Top,N
AC,entity,0.5,Top,N
AC,entity,0.5,Top,N
AC,entity,0.5,Top,N
AC,entity,0.5,Top,N
AC,entity,0.5,Top,N
AC,entity,0.5,Top,N
AC,entity,0.5,Top,N
AC,entity,0.5,Top,N
AC,entity,0.5,Top,N
AC,entity,0.5,Top,N
AC,entity,0.5,Top,N
AC,entity,0.5,Top,N
AC,entity,0.5,Top,N
AC,entity,0.5,Top,N
AC,entity,0.5,Top,N
AC,entity,0.5,Top,N
AC,entity,0.5,Top,N
AC,entity,0.5,Top,N
AC,entity,0.5,Top,N
AC,entity,0.5,Top,N
AC,entity,0.5,Top,N
AC,entity,0.5,Top,N
AC,entity,0.5,Top,N
AC,entity,0.5,Top,N
AC,entity,0.5,Top,N
AC,entity,0.5,Top,N
AC,entity,0.5,Top,N
AC,entity,0.5,Top,N
AC,entity,0.5,Top,N
AC,entity,0.5,Top,N
AC,entity,0.5,Top,N
AC,entity,0.5,Top,N
AC,entity,0.5,Top,N
AC,entity,0.5,Top,N
AC,entity,0.5,Top,N
AC,entity,0.5,Top,N
AC,entity,0.5,Top,N
AC,entity,0.5,Top,N
AC,entity,0.5,Top,N
AC,entity,0.25,Top,N
access,concept,0.5,Top>Process,N
access,concept,0.25,Top>Process,N
administrator,concept,0.090909091,Top>OtherEntity>Vocation,N
advent,concept,0.5,Top>Event,N
advertisement,concept,0.333333333,Top>Product>CulturalProduct>Broadcast,N+
area,concept,0.166666667,Top>Location,N
area,concept,0.166666667,Top>Location,N+
area,concept,0.1,Top>Location,N
area,concept,0.076923077,Top>Location,N+
area,concept,0.055555556,Top>Location,N
area,concept,0.045454545,Top>Location,N
area,concept,0.04,Top>Location,N
area,concept,0.026315789,Top>Location,N
area,concept,0.02173913,Top>Location,N+
arrangement,concept,0.04,Top>OtherEntity,N
arrival,concept,0.2,Top>Event,N
arrival,concept,0.2,Top>Event,N
arrival,concept,0.2,Top>Event,N
arrival,concept,0.2,Top>Event,N
arrival,concept,0.2,Top>Event,N
arrival,concept,0.2,Top>Event,N
arrival,concept,0.2,Top>Event,N
arrival,concept,0.2,Top>Event,N
arrival,concept,0.2,Top>Event,N
arrival,concept,0.2,Top>Event,N
arrival,concept,0.2,Top>Event,N
arrival,concept,0.2,Top>Event,N
arrival,concept,0.2,Top>Event,N
arrival,concept,0.2,Top>Event,N
arrival,concept,0.2,Top>Event,N
arrival,concept,0.2,Top>Event,N
arrival,concept,0.2,Top>Event,N
arrival,concept,0.2,Top>Event,N
arrival,concept,0.2,Top>Event,N
arrival,concept,0.2,Top>Event,N
arrival,concept,0.2,Top>Event,N
arrival,concept,0.2,Top>Event,N
arrival,concept,0.2,Top>Event,N
arrival,concept,0.2,Top>Event,N
arrival,concept,0.2,Top>Event,N
arrival,concept,0.2,Top>Event,N
arrival,concept,0.2,Top>Event,N
arrival,concept,0.2,Top>Event,N
arrival,concept,0.2,Top>Event,N
attic,concept,0.025641026,Top>Location>Facility,N
average,concept,0.1,Top,N
baby,concept,0.0625,Top>Person,N
bass,concept,0.083333333,Top>Product>Food>Fishfood,N
bass,concept,0.066666667,Top>Product>Machine>Instrument,N
bass,concept,0.043478261,Top>Product,N
bathroom,concept,0.111111111,Top>Location>Facility,N
bathroom,concept,0.111111111,Top>Location>Facility,N
bathroom,concept,0.111111111,Top>Location>Facility,N
bathroom,concept,0.111111111,Top>Location>Facility,N
bathroom,concept,0.083333333,Top>Location>Facility,N
bathroom,concept,0.083333333,Top>Location>Facility,N
bathroom,concept,0.083333333,Top>Location>Facility,N
bathroom,concept,0.083333333,Top>Location>Facility,N
bathroom,concept,0.083333333,Top>Location>Facility,N
bathroom,concept,0.076923077,Top>Location>Facility,N
bathroom,concept,0.058823529,Top>Location>Facility,N+
bathroom,concept,0.052631579,Top>Location>Facility,N
bathroom,concept,0.023255814,Top>Location>Facility,N
bed,concept,0.333333333,Top>Location>GeographicalEntity>WaterForm>Channel,N
bed,concept,0.333333333,Top>Location>GeographicalEntity>WaterForm>Channel,N
bed,concept,0.333333333,Top>Location>GeographicalEntity>WaterForm>Channel,N
bed,concept,0.333333333,Top>Location>GeographicalEntity>WaterForm>Channel,N
bed,concept,0.25,Top>Location>GeographicalEntity>WaterForm>Channel,N
bed,concept,0.25,Top>Location>GeographicalEntity>WaterForm>Channel,N
bed,concept,0.2,Top>Location>GeographicalEntity>WaterForm>Channel,N
bed,concept,0.142857143,Top>Location>GeographicalEntity>WaterForm>Channel,N
bedroom,concept,0.090909091,Top>Location>Facility,N
bill,concept,0.25,Top,N
black,concept,0.2,Top>OtherEntity>Color,N
blockade,concept,0.25,Top,N
board,concept,0.05,Top>Organization>Government,N
body,concept,0.058823529,Top,N
bookshop,concept,0.333333333,Top>Location>Facility>Market,N
border,concept,0.2,Top>Location,N
border,concept,0.111111111,Top>Location,N
border,concept,0.066666667,Top,N
border,concept,0.052631579,Top>Location,N
bottle,concept,0.04,Top>Product>Utensil>Container,N
brake,concept,0.5,Top>Product>Machine>Instrument,N
brake,concept,0.5,Top>Product>Machine>Instrument,N
brake,concept,0.5,Top>Product>Machine>Instrument,N
brake,concept,0.5,Top>Product>Machine>Instrument,N
brake,concept,0.5,Top>Product>Machine>Instrument,N
brake,concept,0.25,Top>Product>Machine>Instrument,N
bread,concept,0.1,Top>Product>Food>CookedPlate,N
breakfast,concept,0.25,Top>Event,N+
breakfast,concept,0.2,Top>Event,N
breakfast,concept,0.2,Top>Event,N
breakfast,concept,0.2,Top>Event,N
breakfast,concept,0.2,Top>Event,N
breakfast,concept,0.2,Top>Event,N
breakfast,concept,0.2,Top>Event,N
breakfast,concept,0.2,Top>Event,N
breakfast,concept,0.2,Top>Event,N
breakfast,concept,0.2,Top>Event,N
breakfast,concept,0.2,Top>Event,N
breakfast,concept,0.2,Top>Event,N
breakfast,concept,0.2,Top>Event,N
breakfast,concept,0.2,Top>Event,N
breakfast,concept,0.2,Top>Event,N+
breakfast,concept,0.2,Top>Event,N+
breakfast,concept,0.2,Top>Event,N+
breakfast,concept,0.2,Top>Event,N+
breakfast,concept,0.166666667,Top>Product>Food,N
breakfast,concept,0.166666667,Top>Event,N
breakfast,concept,0.166666667,Top>Event,N
breakfast,concept,0.166666667,Top>Event,N
breakfast,concept,0.166666667,Top>Product>Food,N
breakfast,concept,0.166666667,Top>Product>Food,N
breakfast,concept,0.166666667,Top>Product>Food,N
breakfast,concept,0.166666667,Top>Product>Food,N
breakfast,concept,0.166666667,Top>Product>Food,N
breakfast,concept,0.166666667,Top>Product>Food,N
breakfast,concept,0.166666667,Top>Product>Food,N
breakfast,concept,0.166666667,Top>Product>Food,N
breakfast,concept,0.166666667,Top>Product>Food,N
breakfast,concept,0.166666667,Top>Product>Food,N
breakfast,concept,0.166666667,Top>Product>Food,N
breakfast,concept,0.166666667,Top>Product>Food,N
breakfast,concept,0.166666667,Top>Event,N+
breakfast,concept,0.166666667,Top>Product>Food,N+
breakfast,concept,0.166666667,Top>Product>Food,N+
breakfast,concept,0.166666667,Top>Product>Food,N+
breakfast,concept,0.166666667,Top>Product>Food,N+
breakfast,concept,0.166666667,Top>Product>Food,N+
breakfast,concept,0.142857143,Top>Product>Food,N
breakfast,concept,0.142857143,Top>Product>Food,N
breakfast,concept,0.125,Top>Event,N
breakfast,concept,0.125,Top>Product>Food,N
breakfast,concept,0.125,Top>Product>Food,N+
breakfast,concept,0.125,Top>Event,N+
breakfast,concept,0.125,Top>Event,N+
breakfast,concept,0.125,Top>Event,N+
breakfast,concept,0.125,Top>Event,N+
breakfast,concept,0.111111111,Top>Product>Food,N
breakfast,concept,0.111111111,Top>Event,N+
breakfast,concept,0.111111111,Top>Event,N+
breakfast,concept,0.111111111,Top>Event,N+
breakfast,concept,0.1,Top>Product>Food,N+
breakfast,concept,0.1,Top>Event,N+
breakfast,concept,0.1,Top>Event,N+
breakfast,concept,0.1,Top>Event,N+
breakfast,concept,0.1,Top>Product>Food,N+
breakfast,concept,0.1,Top>Product>Food,N+
breakfast,concept,0.1,Top>Product>Food,N+
breakfast,concept,0.1,Top>Product>Food,N+
breakfast,concept,0.090909091,Top>Event,N
breakfast,concept,0.090909091,Top>Event,N
breakfast,concept,0.090909091,Top>Event,N
breakfast,concept,0.090909091,Top>Event,N
breakfast,concept,0.090909091,Top>Event,N
breakfast,concept,0.090909091,Top>Event,N
breakfast,concept,0.090909091,Top>Event,N
breakfast,concept,0.090909091,Top>Event,N
breakfast,concept,0.090909091,Top>Event,N
breakfast,concept,0.090909091,Top>Event,N
breakfast,concept,0.090909091,Top>Event,N
breakfast,concept,0.090909091,Top>Event,N+
breakfast,concept,0.090909091,Top>Product>Food,N+
breakfast,concept,0.090909091,Top>Product>Food,N+
breakfast,concept,0.083333333,Top>Event,N
breakfast,concept,0.083333333,Top>Product>Food,N
breakfast,concept,0.083333333,Top>Product>Food,N
breakfast,concept,0.083333333,Top>Product>Food,N
breakfast,concept,0.083333333,Top>Product>Food,N
breakfast,concept,0.083333333,Top>Product>Food,N
breakfast,concept,0.083333333,Top>Product>Food,N
breakfast,concept,0.083333333,Top>Product>Food,N
breakfast,concept,0.083333333,Top>Product>Food,N
breakfast,concept,0.083333333,Top>Product>Food,N
breakfast,concept,0.083333333,Top>Product>Food,N
breakfast,concept,0.083333333,Top>Product>Food,N
breakfast,concept,0.083333333,Top>Product>Food,N+
breakfast,concept,0.083333333,Top>Product>Food,N+
breakfast,concept,0.083333333,Top>Product>Food,N+
breakfast,concept,0.076923077,Top>Product>Food,N
breakfast,concept,0.076923077,Top>Event,N+
breakfast,concept,0.076923077,Top>Event,N+
breakfast,concept,0.076923077,Top>Event,N+
breakfast,concept,0.076923077,Top>Event,N+
breakfast,concept,0.076923077,Top>Event,N+
breakfast,concept,0.071428571,Top>Product>Food,N+
breakfast,concept,0.071428571,Top>Product>Food,N+
breakfast,concept,0.071428571,Top>Product>Food,N+
breakfast,concept,0.071428571,Top>Product>Food,N+
breakfast,concept,0.071428571,Top>Product>Food,N+
breakfast,concept,0.071428571,Top>Product>Food,N+
breakfast,concept,0.043478261,Top>Event,N
breakfast,concept,0.038461538,Top>Product>Food,N
breakfast,concept,0.037037037,Top>Event,N
breakfast,concept,0.034482759,Top>Product>Food,N
breakfast,concept,0.029411765,Top>Event,N+
breakfast,concept,0.025641026,Top>Product>Food,N+
brush,concept,0.058823529,Top>Product>Machine>Instrument,N
brush,concept,0.037037037,Top>Product>Machine>Instrument,N
brush,concept,0.025641026,Top>Product,N
buffet,concept,0.333333333,Top,N
buffet,concept,0.2,Top,N
buffet,concept,0.166666667,Top,N
buffet,concept,0.142857143,Top,N
buffet,concept,0.090909091,Top,N
buffet,concept,0.090909091,Top,N
buffet,concept,0.090909091,Top,N
buffet,concept,0.090909091,Top,N
buffet,concept,0.090909091,Top,N
buffet,concept,0.058823529,Top,N
buffet,concept,0.038461538,Top,N
building,concept,0.1,Top>Location>Facility,N
building,concept,0.1,Top>Location>Facility,N
building,concept,0.1,Top>Location>Facility,N
building,concept,0.066666667,Top>Location>Facility,N+
cabin,concept,0.166666667,Top>Location>Facility,N+
car,concept,1,Top>Product>Machine>Vehicle>Car,N
car,concept,1,Top>Product>Machine>Vehicle>Car,N
car,concept,1,Top>Product>Machine>Vehicle>Car,N
car,concept,1,Top>Product>Machine>Vehicle>Car,N
car,concept,1,Top>Product>Machine>Vehicle>Car,N
car,concept,1,Top>Product>Machine>Vehicle>Car,N
car,concept,1,Top>Product>Machine>Vehicle>Car,N
car,concept,1,Top>Product>Machine>Vehicle>Car,N
car,concept,1,Top>Product>Machine>Vehicle>Car,N
car,concept,1,Top>Product>Machine>Vehicle>Car,N
car,concept,1,Top>Product>Machine>Vehicle>Car,N
car,concept,1,Top>Product>Machine>Vehicle>Car,N
car,concept,1,Top>Product>Machine>Vehicle>Car,N
car,concept,1,Top>Product>Machine>Vehicle>Car,N
car,concept,1,Top>Product>Machine>Vehicle>Car,N
car,concept,1,Top>Product>Machine>Vehicle>Car,N
car,concept,1,Top>Product>Machine>Vehicle>Car,N
carpet,concept,0.333333333,Top>Product,N
center,concept,0.076923077,Top,N
center,concept,0.033333333,Top>Location,N
center,concept,0.023255814,Top>Location>Facility,N
chance,concept,0.5,Top>OtherEntity,N
chance,concept,0.5,Top>OtherEntity,N
chance,concept,0.5,Top>OtherEntity,N
chance,concept,0.5,Top>OtherEntity,N
chance,concept,0.5,Top>OtherEntity,N
chance,concept,0.5,Top>OtherEntity,N
chance,concept,0.5,Top>OtherEntity,N
chance,concept,0.5,Top>OtherEntity,N
chance,concept,0.5,Top>OtherEntity,N
chance,concept,0.5,Top>OtherEntity,N
chance,concept,0.5,Top>OtherEntity,N
chance,concept,0.5,Top>OtherEntity,N
chance,concept,0.5,Top>OtherEntity,N
chance,concept,0.5,Top>OtherEntity,N
chance,concept,0.5,Top>OtherEntity,N
chance,concept,0.5,Top>OtherEntity,N
chance,concept,0.5,Top>OtherEntity,N
chance,concept,0.5,Top>OtherEntity,N
chance,concept,0.5,Top>OtherEntity,N
chance,concept,0.5,Top>OtherEntity,N
chance,concept,0.5,Top>OtherEntity,N
chance,concept,0.5,Top>OtherEntity,N
chance,concept,0.5,Top>OtherEntity,N
channel,concept,0.333333333,Top>Location>GeographicalEntity>WaterForm>Channel,N+
channel,concept,0.111111111,Top>Location>GeographicalEntity>WaterForm>Channel,N
channel,concept,0.066666667,Top>Organization>Company>ConsumerGoodsCompany>Discretionary>ConsumerServicesCompany>MediaCompany,N+
channel,concept,0.035714286,Top>Organization>Company>ConsumerGoodsCompany>Discretionary>ConsumerServicesCompany>MediaCompany,N
check,concept,0.2,Top>Product>CulturalProduct>Printing,N
child,concept,0.333333333,Top>Person,N
child,concept,0.25,Top>Person,N
child,concept,0.045454545,Top>Person,N
city,concept,0.125,Top>Location>GeoPoliticalEntity>City,N
city,concept,0.032258065,Top>Location>GeoPoliticalEntity>City,N+
city,concept,0.028571429,Top>Location>GeoPoliticalEntity>City,N
coach,concept,0.5,Top>OtherEntity>Vocation,N
cocktail,concept,0.066666667,Top>Product>Food>Beverage,N
cocktail,concept,0.0625,Top>Event,N
cocktail,concept,0.043478261,Top>Product>Food>Beverage,N
coffee,concept,0.1,Top>Product>Food>Beverage,N+
coffee_shop,concept,0.090909091,Top>Location>Facility,N
cold,concept,0.333333333,Top>OtherEntity>Disease,N
cold,concept,0.142857143,Top>OtherEntity>Disease,N
cold,concept,0.125,Top>OtherEntity>Disease,N
cold,concept,0.111111111,Top>OtherEntity>Disease,N
cold,concept,0.090909091,Top>Event>NaturalPhenomena,N
cold,concept,0.083333333,Top>OtherEntity>Disease,N
cold,concept,0.076923077,Top>Event>NaturalPhenomena,N
cold,concept,0.066666667,Top>Event>NaturalPhenomena,N
cold,concept,0.055555556,Top>Event>NaturalPhenomena,N
cold,concept,0.04,Top>OtherEntity>Disease,N
cold,concept,0.037037037,Top>Event>NaturalPhenomena,N
cold,concept,0.020833333,Top>Event>NaturalPhenomena,N
community,concept,0.1,Top>Organization,N
compass,concept,0.25,Top>Product,N
compass,concept,0.142857143,Top>Product,N
complaint,concept,0.25,Top>OtherEntity>Disease,N
complaint,concept,0.2,Top>OtherEntity>Disease,N
complaint,concept,0.142857143,Top>OtherEntity>Disease,N
complaint,concept,0.083333333,Top,N
complaint,concept,0.071428571,Top,N
complaint,concept,0.052631579,Top,N
complex,concept,0.0625,Top>Organization,N
complex,concept,0.047619048,Top>Organization,N
complex,concept,0.04,Top>Organization,N
computer,concept,0.111111111,Top>Product>Machine>ElectronicAppliance>Computer,N+
condition,concept,0.333333333,Top,N+
condition,concept,0.333333333,Top,N+
condition,concept,0.333333333,Top,N+
condition,concept,0.333333333,Top,N+
condition,concept,0.25,Top,N
condition,concept,0.166666667,Top,N
condition,concept,0.166666667,Top,N
condition,concept,0.166666667,Top,N
condition,concept,0.166666667,Top,N
condition,concept,0.166666667,Top,N+
condition,concept,0.166666667,Top,N+
condition,concept,0.166666667,Top,N+
condition,concept,0.166666667,Top,N+
condition,concept,0.166666667,Top,N+
condition,concept,0.166666667,Top,N+
condition,concept,0.166666667,Top,N+
condition,concept,0.166666667,Top,N+
condition,concept,0.166666667,Top,N+
condition,concept,0.166666667,Top,N+
condition,concept,0.166666667,Top,N+
condition,concept,0.166666667,Top,N+
condition,concept,0.058823529,Top,N
conflict,concept,0.055555556,Top>Event,N
conflict,concept,0.047619048,Top>Event>War,N
connection,concept,0.5,Top>Process,N
connection,concept,0.035714286,Top,N
construccií_n,concept,0.5,Top>Location>Facility,N
container,concept,0.04,Top>Product>Utensil>Container,N
coolness,concept,0.090909091,Top>OtherEntity,N
corn,concept,0.125,Top>Product>Food>FruitOrVegetable,N
corn,concept,0.023255814,Top>LivingThing>Flora,N
corridor,concept,0.25,Top>Location>Facility>FacilityPart,N
creativity,concept,0.024390244,Top,N
credit_card,concept,0.071428571,Top>Product,N
culture,concept,0.03125,Top,N
cup,concept,0.125,Top>Event>Occasion>Games,N
cut,concept,0.076923077,Top>Organization,N
demand,concept,0.052631579,Top,N
depressing,concept,0.333333333,Top,N
dinner,concept,0.166666667,Top>Product>Food,N
dinner,concept,0.166666667,Top>Product>Food,N+
dinner,concept,0.125,Top>Event,N
dinner,concept,0.111111111,Top>Event,N+
dinner,concept,0.1,Top>Product>Food,N
dinner,concept,0.090909091,Top>Product>Food,N
dinner,concept,0.083333333,Top>Product>Food,N
dinner,concept,0.076923077,Top>Event,N
dinner,concept,0.052631579,Top>Product>Food,N
dinner,concept,0.05,Top>Event,N
dinner,concept,0.047619048,Top>Event,N
dinner,concept,0.034482759,Top>Event,N
dinner,concept,0.028571429,Top>Product>Food,N
dinner,concept,0.023809524,Top>Event,N
dinner,concept,0.023255814,Top>Product>Food,N+
dinner,concept,0.017241379,Top>Event,N+
disaster,concept,0.2,Top>Event>NaturalDisaster,N
doctor,concept,0.2,Top>OtherEntity>Vocation,N
doctor,concept,0.2,Top>OtherEntity>Vocation,N
doctor,concept,0.2,Top>OtherEntity>Vocation,N
doctor,concept,0.2,Top>OtherEntity>Vocation,N
doctor,concept,0.2,Top>OtherEntity>Vocation,N
doctor,concept,0.066666667,Top>OtherEntity>Title,N
doctor,concept,0.066666667,Top>OtherEntity>Title,N
doctor,concept,0.066666667,Top>OtherEntity>Title,N
doctor,concept,0.066666667,Top>OtherEntity>Title,N
doctor,concept,0.066666667,Top>OtherEntity>Title,N
dog,concept,0.1,Top>LivingThing>Animal>Vertebrate>Mammal,N
dollar,concept,0.333333333,Top>Unit>Currency,N
dollar,concept,0.028571429,Top>Unit>Currency,N+
doomed,concept,0.166666667,Top,N
doorman,concept,0.015625,Top>OtherEntity>Vocation,N
drawback,concept,0.1,Top,N+
drawback,concept,0.083333333,Top,N
egg,concept,0.111111111,Top>Product>Food,N
egg,concept,0.03125,Top>Product>Food,N
electrical_outlet,concept,0.125,Top>Product,N+
electricity,concept,0.333333333,Top,N
electricity,concept,0.333333333,Top,N+
electricity,concept,0.2,Top,N+
elevation,concept,0.083333333,Top,N+
elevator,concept,1,Top>Location>Facility,N
elevator,concept,1,Top>Location>Facility,N
elevator,concept,1,Top>Location>Facility,N
elevator,concept,1,Top>Location>Facility,N
elevator,concept,1,Top>Location>Facility,N
elevator,concept,1,Top>Location>Facility,N
elevator,concept,1,Top>Location>Facility,N
elevator,concept,1,Top>Location>Facility,N
elevator,concept,1,Top>Location>Facility,N
elevator,concept,1,Top>Location>Facility,N
elevator,concept,1,Top>Location>Facility,N
elevator,concept,1,Top>Location>Facility,N
elevator,concept,1,Top>Location>Facility,N
elevator,concept,1,Top>Location>Facility,N
elevator,concept,1,Top>Location>Facility,N
elevator,concept,1,Top>Location>Facility,N
elevator,concept,1,Top>Location>Facility,N
elevator,concept,1,Top>Location>Facility,N
elevator,concept,1,Top>Location>Facility,N
elevator,concept,1,Top>Location>Facility,N
elevator,concept,1,Top>Location>Facility,N
elevator,concept,1,Top>Location>Facility,N
elevator,concept,1,Top>Location>Facility,N
elevator,concept,1,Top>Location>Facility,N
elevator,concept,1,Top>Location>Facility,N
elevator,concept,1,Top>Location>Facility,N
elevator,concept,1,Top>Location>Facility,N
elevator,concept,1,Top>Location>Facility,N
elevator,concept,1,Top>Location>Facility,N
elevator,concept,1,Top>Location>Facility,N
elevator,concept,1,Top>Location>Facility,N
elevator,concept,1,Top>Location>Facility,N
elevator,concept,1,Top>Location>Facility,N
elevator,concept,1,Top>Location>Facility,N
elevator,concept,1,Top>Location>Facility,N
elevator,concept,1,Top>Location>Facility,N
elevator,concept,1,Top>Location>Facility,N
elevator,concept,1,Top>Location>Facility,N
elevator,concept,1,Top>Location>Facility,N
elevator,concept,1,Top>Location>Facility,N
elevator,concept,1,Top>Location>Facility,N
elevator,concept,1,Top>Location>Facility,N
elevator,concept,1,Top>Location>Facility,N
elevator,concept,1,Top>Location>Facility,N
elevator,concept,1,Top>Location>Facility,N
elevator,concept,1,Top>Location>Facility,N
elevator,concept,1,Top>Location>Facility,N
elevator,concept,1,Top>Location>Facility,N
elevator,concept,1,Top>Location>Facility,N
elevator,concept,1,Top>Location>Facility,N
elevator,concept,1,Top>Location>Facility,N
elevator,concept,1,Top>Location>Facility,N
elevator,concept,1,Top>Location>Facility,N
elevator,concept,1,Top>Location>Facility,N
elevator,concept,1,Top>Location>Facility,N
elevator,concept,1,Top>Location>Facility,N
elevator,concept,1,Top>Location>Facility,N
elevator,concept,1,Top>Location>Facility,N
elevator,concept,1,Top>Location>Facility,N
elevator,concept,1,Top>Location>Facility,N
elevator,concept,1,Top>Location>Facility,N
elevator,concept,1,Top>Location>Facility,N
elevator,concept,1,Top>Location>Facility,N
elevator,concept,1,Top>Location>Facility,N
elevator,concept,1,Top>Location>Facility,N
elevator,concept,1,Top>Location>Facility,N
elevator,concept,1,Top>Location>Facility,N
elevator,concept,1,Top>Location>Facility,N
elevator,concept,1,Top>Location>Facility,N
elevator,concept,1,Top>Location>Facility,N
elevator,concept,1,Top>Location>Facility,N
elevator,concept,1,Top>Location>Facility,N
elevator,concept,1,Top>Location>Facility,N
elevator,concept,1,Top>Location>Facility,N
elevator,concept,1,Top>Location>Facility,N
elevator,concept,1,Top>Location>Facility,N
elevator,concept,1,Top>Location>Facility,N
elevator,concept,1,Top>Location>Facility,N
elevator,concept,1,Top>Location>Facility,N
elevator,concept,1,Top>Location>Facility,N
elevator,concept,1,Top>Location>Facility,N
elevator,concept,1,Top>Location>Facility,N
elevator,concept,1,Top>Location>Facility,N
elevator,concept,1,Top>Location>Facility,N
elevator,concept,1,Top>Location>Facility,N
elevator,concept,1,Top>Location>Facility,N
elevator,concept,1,Top>Location>Facility,N
elevator,concept,1,Top>Location>Facility,N
elevator,concept,1,Top>Location>Facility,N
elevator,concept,1,Top>Location>Facility,N
elevator,concept,1,Top>Location>Facility,N
elevator,concept,1,Top>Location>Facility,N
elevator,concept,1,Top>Location>Facility,N
elevator,concept,1,Top>Location>Facility,N
elevator,concept,0.5,Top>Location>Facility,N
elevator,concept,0.333333333,Top>Location>Facility,N
environment,concept,0.5,Top,N+
environment,concept,0.25,Top,N+
executive,concept,0.05,Top>OtherEntity>Title,N
explanation,concept,0.25,Top,N
family,concept,0.333333333,Top>Organization,N
farm,concept,0.25,Top>Location>Facility,N
farm,concept,0.25,Top>Location>Facility,N
farm,concept,0.25,Top>Location>Facility,N
farm,concept,0.25,Top>Location>Facility,N
farm,concept,0.25,Top>Location>Facility,N
farm,concept,0.25,Top>Location>Facility,N
farm,concept,0.25,Top>Location>Facility,N
farm,concept,0.25,Top>Location>Facility,N
farm,concept,0.25,Top>Location>Facility,N
farm,concept,0.25,Top>Location>Facility,N
farm,concept,0.25,Top>Location>Facility,N
farm,concept,0.25,Top>Location>Facility,N
farm,concept,0.25,Top>Location>Facility,N
farm,concept,0.25,Top>Location>Facility,N
farm,concept,0.25,Top>Location>Facility,N
farm,concept,0.25,Top>Location>Facility,N
farm,concept,0.25,Top>Location>Facility,N
farm,concept,0.25,Top>Location>Facility,N
farm,concept,0.25,Top>Location>Facility,N
farm,concept,0.25,Top>Location>Facility,N
farm,concept,0.25,Top>Location>Facility,N
farm,concept,0.25,Top>Location>Facility,N
farm,concept,0.25,Top>Location>Facility,N
farm,concept,0.25,Top>Location>Facility,N
farm,concept,0.25,Top>Location>Facility,N
farm,concept,0.25,Top>Location>Facility,N
farm,concept,0.25,Top>Location>Facility,N
farm,concept,0.25,Top>Location>Facility,N
farm,concept,0.25,Top>Location>Facility,N
farm,concept,0.25,Top>Location>Facility,N
farm,concept,0.25,Top>Location>Facility,N
farm,concept,0.25,Top>Location>Facility,N
farm,concept,0.25,Top>Location>Facility,N
farm,concept,0.25,Top>Location>Facility,N
farm,concept,0.25,Top>Location>Facility,N
farm,concept,0.25,Top>Location>Facility,N
farm,concept,0.25,Top>Location>Facility,N
farm,concept,0.25,Top>Location>Facility,N
farm,concept,0.25,Top>Location>Facility,N
farm,concept,0.25,Top>Location>Facility,N
farm,concept,0.25,Top>Location>Facility,N
farm,concept,0.25,Top>Location>Facility,N
farm,concept,0.25,Top>Location>Facility,N
farm,concept,0.25,Top>Location>Facility,N
farm,concept,0.25,Top>Location>Facility,N
farm,concept,0.25,Top>Location>Facility,N
farm,concept,0.25,Top>Location>Facility,N
farm,concept,0.125,Top>Location>Facility,N
fault,concept,0.25,Top,N
fault,concept,0.1,Top,N
feature,concept,0.5,Top>OtherEntity,N
feature,concept,0.5,Top>OtherEntity,N
feature,concept,0.5,Top>OtherEntity,N
feature,concept,0.5,Top>OtherEntity,N
feature,concept,0.5,Top>OtherEntity,N
feature,concept,0.5,Top>OtherEntity,N
feature,concept,0.5,Top>OtherEntity,N
feature,concept,0.5,Top>OtherEntity,N
feature,concept,0.5,Top>OtherEntity,N
feature,concept,0.5,Top>OtherEntity,N
feature,concept,0.5,Top>OtherEntity,N
feature,concept,0.5,Top>OtherEntity,N
feature,concept,0.166666667,Top>OtherEntity,N+
feature,concept,0.166666667,Top>OtherEntity,N+
feature,concept,0.166666667,Top>OtherEntity,N+
feature,concept,0.166666667,Top>OtherEntity,N+
feature,concept,0.166666667,Top>OtherEntity,N+
fever,concept,0.142857143,Top>OtherEntity>Disease,N
fever,concept,0.142857143,Top>OtherEntity>Disease,N
fever,concept,0.142857143,Top>OtherEntity>Disease,N
fever,concept,0.142857143,Top>OtherEntity>Disease,N
fever,concept,0.142857143,Top>OtherEntity>Disease,N
fight,concept,0.017857143,Top>Event,N
filling,concept,0.333333333,Top,N
fire,concept,1,Top>Event>NaturalDisaster,N
fire,concept,0.25,Top>Event>NaturalDisaster,N
floor,concept,0.333333333,Top>Location,N
floor,concept,0.333333333,Top>Location,N
floor,concept,0.333333333,Top>Location,N
floor,concept,0.333333333,Top>Location,N
floor,concept,0.333333333,Top>Location,N
floor,concept,0.333333333,Top>Location,N
floor,concept,0.333333333,Top>Location,N
floor,concept,0.333333333,Top>Location,N
floor,concept,0.333333333,Top>Location,N
floor,concept,0.333333333,Top>Location,N
floor,concept,0.333333333,Top>Location,N
floor,concept,0.333333333,Top>Location,N
floor,concept,0.333333333,Top>Location,N
floor,concept,0.333333333,Top>Location,N
floor,concept,0.333333333,Top>Location,N
floor,concept,0.333333333,Top>Location,N
floor,concept,0.333333333,Top>Location,N
floor,concept,0.333333333,Top>Location,N
floor,concept,0.333333333,Top>Location,N
floor,concept,0.333333333,Top>Location,N
floor,concept,0.333333333,Top>Location,N
floor,concept,0.333333333,Top>Location,N
floor,concept,0.333333333,Top>Location,N
floor,concept,0.333333333,Top>Location,N
floor,concept,0.333333333,Top>Location,N
floor,concept,0.333333333,Top>Location,N
floor,concept,0.333333333,Top>Location,N
floor,concept,0.333333333,Top>Location,N
floor,concept,0.333333333,Top>Location,N
floor,concept,0.333333333,Top>Location,N
floor,concept,0.333333333,Top>Location,N
floor,concept,0.333333333,Top>Location,N
floor,concept,0.333333333,Top>Location,N
floor,concept,0.333333333,Top>Location,N
floor,concept,0.333333333,Top>Location,N
floor,concept,0.333333333,Top>Location,N
floor,concept,0.333333333,Top>Location,N
floor,concept,0.333333333,Top>Location,N
floor,concept,0.333333333,Top>Location,N
floor,concept,0.333333333,Top>Location,N
floor,concept,0.333333333,Top>Location,N
floor,concept,0.333333333,Top>Location,N
floor,concept,0.333333333,Top>Location,N
floor,concept,0.333333333,Top>Location,N
floor,concept,0.333333333,Top>Location,N
floor,concept,0.333333333,Top>Location,N
floor,concept,0.333333333,Top>Location,N
food,concept,1,Top>Product>Food,N+
food,concept,0.333333333,Top>Product>Food,N
food,concept,0.333333333,Top>Product>Food,N
food,concept,0.333333333,Top>Product>Food,N
food,concept,0.333333333,Top>Product>Food,N
food,concept,0.333333333,Top>Product>Food,N
food,concept,0.333333333,Top>Product>Food,N
food,concept,0.333333333,Top>Product>Food,N
food,concept,0.333333333,Top>Product>Food,N
food,concept,0.333333333,Top>Product>Food,N
food,concept,0.25,Top>Product>Food,N
food,concept,0.25,Top>Product>Food,N
food,concept,0.2,Top>Product>Food,N
food,concept,0.166666667,Top>Product>Food,N
food,concept,0.142857143,Top>Product>Food,N
food,concept,0.111111111,Top>Product>Food,N
food,concept,0.111111111,Top>Product>Food,N+
food,concept,0.1,Top>Product>Food,N
food,concept,0.1,Top>Product>Food,N+
food,concept,0.090909091,Top>Product>Food,N
food,concept,0.071428571,Top>Product>Food,N
food,concept,0.066666667,Top>Product>Food,N
foot,concept,0.05,Top>LivingThing>BodyPart,N
foot,concept,0.025641026,Top>Unit>PhysicalExtentUnit,N
fresh_fruit,concept,0.125,Top,N
friend,concept,0.142857143,Top>Person,N
fruit,concept,0.047619048,Top>Product>Food>FruitOrVegetable,N
fruit_juice,concept,0.2,Top,N+
fruit_juice,concept,0.2,Top,N+
fruit_juice,concept,0.2,Top,N+
fruit_juice,concept,0.2,Top,N+
fruit_juice,concept,0.2,Top,N+
garbage,concept,0.1,Top,N+
garbage,concept,0.0625,Top,N
garbage,concept,0.058823529,Top,N
garbage,concept,0.028571429,Top,N+
garlic,concept,0.166666667,Top>LivingThing>Flora,N
garlic,concept,0.166666667,Top>LivingThing>Flora,N
garlic,concept,0.166666667,Top>LivingThing>Flora,N
garlic,concept,0.166666667,Top>LivingThing>Flora,N
gas,concept,0.052631579,Top,N
generator,concept,1,Top>Product>Machine>Instrument,N+
glass,concept,0.071428571,Top,N
glass,concept,0.037037037,Top>Product>Utensil>Container,N
green,concept,0.038461538,Top>OtherEntity>Color,N+
ground_floor,concept,0.04,Top>Location>Facility,N
ground_floor,concept,0.018181818,Top>Location>Facility,N
group,concept,0.25,Top>Organization,N
group,concept,0.2,Top>Organization,N
group,concept,0.2,Top>Organization,N
group,concept,0.2,Top>Organization,N
group,concept,0.2,Top>Organization,N
group,concept,0.2,Top>Organization,N
group,concept,0.2,Top>Organization,N
group,concept,0.2,Top>Organization,N
group,concept,0.2,Top>Organization,N
group,concept,0.2,Top>Organization,N
group,concept,0.2,Top>Organization,N
group,concept,0.2,Top>Organization,N
group,concept,0.2,Top>Organization,N
group,concept,0.2,Top>Organization,N
group,concept,0.2,Top>Organization,N
group,concept,0.2,Top>Organization,N
group,concept,0.2,Top>Organization,N
group,concept,0.2,Top>Organization,N
group,concept,0.2,Top>Organization,N
group,concept,0.2,Top>Organization,N
group,concept,0.2,Top>Organization,N
group,concept,0.2,Top>Organization,N
group,concept,0.2,Top>Organization,N
group,concept,0.2,Top>Organization,N
group,concept,0.2,Top>Organization,N
group,concept,0.2,Top>Organization,N
group,concept,0.2,Top>Organization,N
group,concept,0.2,Top>Organization,N
group,concept,0.2,Top>Organization,N
group,concept,0.2,Top>Organization,N
group,concept,0.2,Top>Organization,N
group,concept,0.2,Top>Organization,N
group,concept,0.2,Top>Organization,N
group,concept,0.2,Top>Organization,N
group,concept,0.2,Top>Organization,N
group,concept,0.2,Top>Organization,N
group,concept,0.2,Top>Organization,N
group,concept,0.2,Top>Organization,N
group,concept,0.2,Top>Organization,N
group,concept,0.2,Top>Organization,N
group,concept,0.2,Top>Organization,N
group,concept,0.2,Top>Organization,N
group,concept,0.2,Top>Organization,N
group,concept,0.2,Top>Organization,N
group,concept,0.2,Top>Organization,N
group,concept,0.2,Top>Organization,N
group,concept,0.2,Top>Organization,N
group,concept,0.2,Top>Organization,N
group,concept,0.166666667,Top>Organization,N+
group,concept,0.083333333,Top>Organization,N
guest,concept,1,Top>Person,N
guest,concept,1,Top>Person,N
guest,concept,0.111111111,Top>Person,N
guest,concept,0.071428571,Top>Person,N
guide,concept,0.03030303,Top>OtherEntity>Vocation,N
hall,concept,0.045454545,Top>Location>Facility,N
hall,concept,0.018867925,Top>Location>Facility,N+
hallway,concept,0.5,Top>Location>Facility,N
hawk,concept,0.25,Top>LivingThing>Animal>Vertebrate>Bird,N
heater,concept,0.125,Top>OtherEntity>Vocation,N
heater,concept,0.111111111,Top>Product>Machine>ElectricalAppliance,N
heater,concept,0.090909091,Top>Product>Machine>ElectricalAppliance,N
heating_system,concept,0.090909091,Top,N
hill,concept,0.2,Top>Location>GeographicalEntity>LandForm>Mountain,N
hill,concept,0.142857143,Top>Location,N
hill,concept,0.111111111,Top>Location>GeographicalEntity>LandForm>Mountain,N
hole,concept,1,Top>Location>GeographicalEntity>LandForm,N
hole,concept,0.043478261,Top>Location,N
hostel,concept,0.016949153,Top>Location>Facility,N+
hotel,concept,1,Top>Organization>Company>ConsumerGoodsCompany>Discretionary>ConsumerServicesCompany>Hotels,N
hotel,concept,1,Top>Organization>Company>ConsumerGoodsCompany>Discretionary>ConsumerServicesCompany>Hotels,N
hotel,concept,1,Top>Organization>Company>ConsumerGoodsCompany>Discretionary>ConsumerServicesCompany>Hotels,N
hotel,concept,1,Top>Organization>Company>ConsumerGoodsCompany>Discretionary>ConsumerServicesCompany>Hotels,N
hotel,concept,1,Top>Organization>Company>ConsumerGoodsCompany>Discretionary>ConsumerServicesCompany>Hotels,N
hotel,concept,1,Top>Organization>Company>ConsumerGoodsCompany>Discretionary>ConsumerServicesCompany>Hotels,N
hotel,concept,1,Top>Organization>Company>ConsumerGoodsCompany>Discretionary>ConsumerServicesCompany>Hotels,N
hotel,concept,1,Top>Organization>Company>ConsumerGoodsCompany>Discretionary>ConsumerServicesCompany>Hotels,N
hotel,concept,1,Top>Organization>Company>ConsumerGoodsCompany>Discretionary>ConsumerServicesCompany>Hotels,N
hotel,concept,1,Top>Organization>Company>ConsumerGoodsCompany>Discretionary>ConsumerServicesCompany>Hotels,N
hotel,concept,1,Top>Organization>Company>ConsumerGoodsCompany>Discretionary>ConsumerServicesCompany>Hotels,N
hotel,concept,1,Top>Organization>Company>ConsumerGoodsCompany>Discretionary>ConsumerServicesCompany>Hotels,N
hotel,concept,1,Top>Organization>Company>ConsumerGoodsCompany>Discretionary>ConsumerServicesCompany>Hotels,N
hotel,concept,1,Top>Organization>Company>ConsumerGoodsCompany>Discretionary>ConsumerServicesCompany>Hotels,N
hotel,concept,1,Top>Organization>Company>ConsumerGoodsCompany>Discretionary>ConsumerServicesCompany>Hotels,N
hotel,concept,1,Top>Organization>Company>ConsumerGoodsCompany>Discretionary>ConsumerServicesCompany>Hotels,N
hotel,concept,1,Top>Organization>Company>ConsumerGoodsCompany>Discretionary>ConsumerServicesCompany>Hotels,N
hotel,concept,1,Top>Organization>Company>ConsumerGoodsCompany>Discretionary>ConsumerServicesCompany>Hotels,N
hotel,concept,1,Top>Organization>Company>ConsumerGoodsCompany>Discretionary>ConsumerServicesCompany>Hotels,N
hotel,concept,1,Top>Organization>Company>ConsumerGoodsCompany>Discretionary>ConsumerServicesCompany>Hotels,N
hotel,concept,1,Top>Organization>Company>ConsumerGoodsCompany>Discretionary>ConsumerServicesCompany>Hotels,N
hotel,concept,1,Top>Organization>Company>ConsumerGoodsCompany>Discretionary>ConsumerServicesCompany>Hotels,N
hotel,concept,1,Top>Organization>Company>ConsumerGoodsCompany>Discretionary>ConsumerServicesCompany>Hotels,N
hotel,concept,1,Top>Organization>Company>ConsumerGoodsCompany>Discretionary>ConsumerServicesCompany>Hotels,N
hotel,concept,1,Top>Organization>Company>ConsumerGoodsCompany>Discretionary>ConsumerServicesCompany>Hotels,N
hotel,concept,1,Top>Organization>Company>ConsumerGoodsCompany>Discretionary>ConsumerServicesCompany>Hotels,N
hotel,concept,1,Top>Organization>Company>ConsumerGoodsCompany>Discretionary>ConsumerServicesCompany>Hotels,N
hotel,concept,1,Top>Organization>Company>ConsumerGoodsCompany>Discretionary>ConsumerServicesCompany>Hotels,N+
hotel,concept,1,Top>Organization>Company>ConsumerGoodsCompany>Discretionary>ConsumerServicesCompany>Hotels,N+
hotel,concept,0.5,Top>Organization>Company>ConsumerGoodsCompany>Discretionary>ConsumerServicesCompany>Hotels,N
hotel,concept,0.5,Top>Organization>Company>ConsumerGoodsCompany>Discretionary>ConsumerServicesCompany>Hotels,N
hotel,concept,0.5,Top>Organization>Company>ConsumerGoodsCompany>Discretionary>ConsumerServicesCompany>Hotels,N
hotel,concept,0.5,Top>Organization>Company>ConsumerGoodsCompany>Discretionary>ConsumerServicesCompany>Hotels,N
hotel,concept,0.5,Top>Organization>Company>ConsumerGoodsCompany>Discretionary>ConsumerServicesCompany>Hotels,N
hotel,concept,0.5,Top>Organization>Company>ConsumerGoodsCompany>Discretionary>ConsumerServicesCompany>Hotels,N
hotel,concept,0.5,Top>Organization>Company>ConsumerGoodsCompany>Discretionary>ConsumerServicesCompany>Hotels,N+
hotel,concept,0.5,Top>Organization>Company>ConsumerGoodsCompany>Discretionary>ConsumerServicesCompany>Hotels,N+
hotel,concept,0.5,Top>Organization>Company>ConsumerGoodsCompany>Discretionary>ConsumerServicesCompany>Hotels,N+
hotel,concept,0.5,Top>Organization>Company>ConsumerGoodsCompany>Discretionary>ConsumerServicesCompany>Hotels,N+
hotel,concept,0.5,Top>Organization>Company>ConsumerGoodsCompany>Discretionary>ConsumerServicesCompany>Hotels,N+
hotel,concept,0.5,Top>Organization>Company>ConsumerGoodsCompany>Discretionary>ConsumerServicesCompany>Hotels,N+
hotel,concept,0.333333333,Top>Organization>Company>ConsumerGoodsCompany>Discretionary>ConsumerServicesCompany>Hotels,N
hotel,concept,0.25,Top>Organization>Company>ConsumerGoodsCompany>Discretionary>ConsumerServicesCompany>Hotels,N
hotel,concept,0.25,Top>Organization>Company>ConsumerGoodsCompany>Discretionary>ConsumerServicesCompany>Hotels,N
hotel,concept,0.25,Top>Organization>Company>ConsumerGoodsCompany>Discretionary>ConsumerServicesCompany>Hotels,N
hotel,concept,0.25,Top>Organization>Company>ConsumerGoodsCompany>Discretionary>ConsumerServicesCompany>Hotels,N+
hotel,concept,0.2,Top>Organization>Company>ConsumerGoodsCompany>Discretionary>ConsumerServicesCompany>Hotels,N+
hotel,concept,0.166666667,Top>Organization>Company>ConsumerGoodsCompany>Discretionary>ConsumerServicesCompany>Hotels,N
hummus,concept,0.083333333,Top>Product>Food>CookedPlate,N
interior,concept,0.166666667,Top>Location,N
interior,concept,0.166666667,Top>Location,N
interior,concept,0.166666667,Top>Location,N
interior,concept,0.166666667,Top>Location,N
interior,concept,0.166666667,Top>Location,N
interior,concept,0.166666667,Top>Location,N
interior,concept,0.166666667,Top>Location,N
interior,concept,0.166666667,Top>Location,N
interior,concept,0.166666667,Top>Location,N
interior,concept,0.166666667,Top>Location,N
interior,concept,0.166666667,Top>Location,N
interior,concept,0.166666667,Top>Location,N
interior,concept,0.166666667,Top>Location,N
interior,concept,0.166666667,Top>Location,N
interior,concept,0.166666667,Top>Location,N
interior,concept,0.166666667,Top>Location,N
interior,concept,0.166666667,Top>Location,N
interior,concept,0.142857143,Top>Location,N
interior,concept,0.142857143,Top>Location,N
interior,concept,0.142857143,Top>Location,N
interior,concept,0.142857143,Top>Location,N
iron,concept,0.333333333,Top>Product>Substance>ChemicalElement,N
Israeli,concept,0.05,Top,N
Israeli,concept,0.04,Top,N
Israelite,concept,0.071428571,Top,N
Israelite,concept,0.071428571,Top,N
Italian,concept,0.05,Top,N+
job,concept,0.111111111,Top>OtherEntity>Vocation,N
kid,concept,0.03030303,Top>Person,N
kid,concept,0.029411765,Top>Person,N
kind,concept,0.5,Top>OtherEntity>Class,N
kind,concept,0.25,Top>Organization,N
kind,concept,0.166666667,Top>OtherEntity>Class,N
kitchen,concept,0.02,Top>Location>Facility,N
laundry,concept,0.2,Top>Location>Facility,N+
laundry,concept,0.166666667,Top>Location>Facility,N+
lighting,concept,0.2,Top,N
lighting,concept,0.142857143,Top,N
lighting,concept,0.142857143,Top,N
lighting,concept,0.142857143,Top,N
lighting,concept,0.142857143,Top,N
lighting,concept,0.090909091,Top,N+
living_room,concept,0.166666667,Top>Location>Facility,N
living_room,concept,0.03125,Top>Location>Facility,N
living_room,concept,0.022222222,Top>Location>Facility,N+
location,concept,0.5,Top>Location>Address,N
location,concept,0.5,Top>Location>Address,N
location,concept,0.333333333,Top>Location,N
location,concept,0.25,Top>Location>Address,N
location,concept,0.25,Top>Location,N
location,concept,0.2,Top>Location>Address,N+
location,concept,0.142857143,Top>Location,N
location,concept,0.111111111,Top>Location,N+
location,concept,0.071428571,Top>Location>Address,N+
location,concept,0.045454545,Top>Location,N+
loft,concept,0.25,Top>Location>Facility,N
loss,concept,1,Top,N
lunch,concept,1,Top>Product>Food,N+
lunch,concept,0.333333333,Top>Product>Food,N
maintenance,concept,0.142857143,Top,N
maintenance,concept,0.142857143,Top,N
maintenance,concept,0.142857143,Top,N
maintenance,concept,0.142857143,Top,N
maintenance,concept,0.142857143,Top,N
maintenance,concept,0.142857143,Top,N
maintenance,concept,0.142857143,Top,N
maintenance,concept,0.142857143,Top,N
maintenance,concept,0.142857143,Top,N
maintenance,concept,0.142857143,Top,N
maintenance,concept,0.142857143,Top,N
maintenance,concept,0.142857143,Top,N
man,concept,0.111111111,Top>Person,N
manager,concept,0.052631579,Top>OtherEntity>Title,N
match,concept,0.333333333,Top>Event>Occasion>Games,N
mattress,concept,0.125,Top>Product,N
mattress,concept,0.041666667,Top>Product,N
mattress,concept,0.034482759,Top>Product,N
meal,concept,0.111111111,Top>Product>Food,N
meal,concept,0.034482759,Top>Product>Food,N
meal,concept,0.023255814,Top>Product>Food,N
mistake,concept,0.083333333,Top>OtherEntity,N
mistake,concept,0.03125,Top>OtherEntity,N
monarch,concept,0.037037037,Top>OtherEntity>Title,N
mother,concept,0.05,Top>Person,N
mother,concept,0.05,Top>Person,N
mother,concept,0.05,Top>Person,N
mother,concept,0.05,Top>Person,N
mother,concept,0.05,Top>Person,N
museum,concept,0.05,Top>Organization>ArtisticOrganization>Museum,N
noise,concept,0.111111111,Top,N
noise,concept,0.055555556,Top,N
noise,concept,0.038461538,Top,N
north,concept,0.071428571,Top>Location,N
old_fashioned,concept,0.2,Top>Person,N
outlet,concept,0.142857143,Top,N
outlet,concept,0.142857143,Top,N
outlet,concept,0.142857143,Top,N
outlet,concept,0.142857143,Top,N
outlet,concept,0.142857143,Top,N
outlet,concept,0.142857143,Top,N
outlet,concept,0.142857143,Top,N
outlet,concept,0.142857143,Top,N
outlet,concept,0.142857143,Top,N
outlet,concept,0.142857143,Top,N
outlet,concept,0.142857143,Top,N
outlet,concept,0.142857143,Top,N
outlet,concept,0.142857143,Top,N
outlet,concept,0.142857143,Top,N
outlet,concept,0.142857143,Top,N
outlet,concept,0.142857143,Top,N
outlet,concept,0.142857143,Top,N
outlet,concept,0.142857143,Top,N
outlet,concept,0.142857143,Top,N
outlet,concept,0.142857143,Top,N
outlet,concept,0.142857143,Top,N
outlet,concept,0.142857143,Top,N
outlet,concept,0.142857143,Top,N
outlet,concept,0.142857143,Top,N
outlet,concept,0.142857143,Top,N
outlet,concept,0.142857143,Top,N
outlet,concept,0.142857143,Top,N
outlet,concept,0.142857143,Top,N
outlet,concept,0.142857143,Top,N
outlet,concept,0.142857143,Top,N
outlet,concept,0.142857143,Top,N
outlet,concept,0.142857143,Top,N
outlet,concept,0.142857143,Top,N
outlet,concept,0.142857143,Top,N
outlet,concept,0.142857143,Top,N
outlet,concept,0.142857143,Top,N
outlet,concept,0.142857143,Top,N
outlet,concept,0.142857143,Top,N
outlet,concept,0.142857143,Top,N
outlet,concept,0.142857143,Top,N
outlet,concept,0.142857143,Top,N
outlet,concept,0.142857143,Top,N
outlet,concept,0.142857143,Top,N
outlet,concept,0.142857143,Top,N
outlet,concept,0.142857143,Top,N
outlet,concept,0.142857143,Top,N
outlet,concept,0.142857143,Top,N
owner,concept,0.125,Top>Person,N
pain,concept,0.5,Top>OtherEntity>Disease,N
pain,concept,0.333333333,Top>OtherEntity>Disease,N+
painting,concept,0.043478261,Top>Product>CulturalProduct>Picture,N
painting,concept,0.033333333,Top>Product>CulturalProduct>Picture,N
Palestinian,concept,0.142857143,Top,N
Palestinian,concept,0.045454545,Top>Person,N
paradise,concept,0.083333333,Top>Location,N
partner,concept,0.1,Top>Person,N
passenger,concept,0.166666667,Top>Person,N
passenger,concept,0.166666667,Top>Person,N
passenger,concept,0.166666667,Top>Person,N
passenger,concept,0.166666667,Top>Person,N
passenger,concept,0.166666667,Top>Person,N
passenger,concept,0.166666667,Top>Person,N
passenger,concept,0.166666667,Top>Person,N
passenger,concept,0.166666667,Top>Person,N
passenger,concept,0.166666667,Top>Person,N
passenger,concept,0.166666667,Top>Person,N
passenger,concept,0.166666667,Top>Person,N
passenger,concept,0.166666667,Top>Person,N
passenger,concept,0.166666667,Top>Person,N
passenger,concept,0.166666667,Top>Person,N
passenger,concept,0.166666667,Top>Person,N
passenger,concept,0.166666667,Top>Person,N
passenger,concept,0.166666667,Top>Person,N
passenger,concept,0.166666667,Top>Person,N
passenger,concept,0.166666667,Top>Person,N
passenger,concept,0.166666667,Top>Person,N
passenger,concept,0.166666667,Top>Person,N
passenger,concept,0.166666667,Top>Person,N
passenger,concept,0.166666667,Top>Person,N
passenger,concept,0.166666667,Top>Person,N
passenger,concept,0.166666667,Top>Person,N
passenger,concept,0.166666667,Top>Person,N
passenger,concept,0.166666667,Top>Person,N
passenger,concept,0.166666667,Top>Person,N
passenger,concept,0.166666667,Top>Person,N
passenger,concept,0.166666667,Top>Person,N
passenger,concept,0.166666667,Top>Person,N
passenger,concept,0.166666667,Top>Person,N
passenger,concept,0.166666667,Top>Person,N
passenger,concept,0.166666667,Top>Person,N
passenger,concept,0.166666667,Top>Person,N
passenger,concept,0.166666667,Top>Person,N
passenger,concept,0.166666667,Top>Person,N
passenger,concept,0.166666667,Top>Person,N
passenger,concept,0.166666667,Top>Person,N
passenger,concept,0.166666667,Top>Person,N
passenger,concept,0.166666667,Top>Person,N
passenger,concept,0.166666667,Top>Person,N
passenger,concept,0.166666667,Top>Person,N
passenger,concept,0.166666667,Top>Person,N
passenger,concept,0.166666667,Top>Person,N
passenger,concept,0.166666667,Top>Person,N
passenger,concept,0.166666667,Top>Person,N
people,concept,0.5,Top>Person,N
people,concept,0.5,Top>Person,N
people,concept,0.333333333,Top>Person,N
person,concept,0.090909091,Top>Person,N
photograph,concept,0.5,Top>Product,N+
photograph,concept,0.5,Top>Product,N+
photograph,concept,0.5,Top>Product,N+
photograph,concept,0.5,Top>Product,N+
pick,concept,0.071428571,Top,N
pickle,concept,0.142857143,Top>Product>Food>FruitOrVegetable,N
pickle,concept,0.142857143,Top>Product>Food>FruitOrVegetable,N
pickle,concept,0.142857143,Top>Product>Food>FruitOrVegetable,N
pickle,concept,0.142857143,Top>Product>Food>FruitOrVegetable,N
pill,concept,0.076923077,Top>Product>Substance>Drug,N+
place,concept,0.5,Top>Location,N
place,concept,0.25,Top>Location,N+
place,concept,0.2,Top>Location,N
place,concept,0.2,Top>Location,N
place,concept,0.2,Top>Location,N
place,concept,0.166666667,Top>Location,N
place,concept,0.1,Top>Location,N
place,concept,0.1,Top>Location,N+
place,concept,0.083333333,Top>Location,N
place,concept,0.083333333,Top>Location,N+
place,concept,0.076923077,Top>Location,N+
plug,concept,0.125,Top>Product,N
plug,concept,0.090909091,Top>Product,N
plug,concept,0.090909091,Top>Product,N+
plug,concept,0.0625,Top>Product,N
plumbing,concept,0.2,Top>Location>Facility,N
pool,concept,0.1,Top>Location>GeographicalEntity>WaterForm,N
pool,concept,0.076923077,Top>Location>GeographicalEntity>WaterForm,N
pool,concept,0.076923077,Top>Location>GeographicalEntity>WaterForm,N
pool,concept,0.076923077,Top>Location>GeographicalEntity>WaterForm,N
pool,concept,0.076923077,Top>Location>GeographicalEntity>WaterForm,N
pool,concept,0.076923077,Top>Location>GeographicalEntity>WaterForm,N
pool,concept,0.076923077,Top>Location>GeographicalEntity>WaterForm,N
pool,concept,0.076923077,Top>Location>GeographicalEntity>WaterForm,N
pool,concept,0.076923077,Top>Location>GeographicalEntity>WaterForm,N
pool,concept,0.076923077,Top>Location>GeographicalEntity>WaterForm,N
pool,concept,0.076923077,Top>Location>GeographicalEntity>WaterForm,N
pool,concept,0.076923077,Top>Location>GeographicalEntity>WaterForm,N
pool,concept,0.076923077,Top>Location>GeographicalEntity>WaterForm,N
pool,concept,0.066666667,Top>Location>GeographicalEntity>WaterForm,N+
pool,concept,0.0625,Top>Location>GeographicalEntity>WaterForm,N
pool,concept,0.052631579,Top>Location>GeographicalEntity>WaterForm,N
popular,concept,0.043478261,Top,N
pressure,concept,0.058823529,Top,N+
property,concept,0.076923077,Top,N
property,concept,0.076923077,Top,N
property,concept,0.076923077,Top,N
property,concept,0.055555556,Top,N+
quality_of_the_product,concept,0.076923077,Top,N
queen,concept,0.090909091,Top,N
range,concept,0.05,Top>Location>GeographicalEntity>LandForm>Mountain,N
reception,concept,0.125,Top,N
report,concept,0.2,Top>Product>CulturalProduct>Broadcast,N
report,concept,0.2,Top>Product>CulturalProduct>Broadcast,N
report,concept,0.2,Top>Product>CulturalProduct>Broadcast,N
report,concept,0.2,Top>Product>CulturalProduct>Broadcast,N
report,concept,0.2,Top>Product>CulturalProduct>Broadcast,N
report,concept,0.2,Top>Product>CulturalProduct>Broadcast,N
report,concept,0.2,Top>Product>CulturalProduct>Broadcast,N
report,concept,0.2,Top>Product>CulturalProduct>Broadcast,N
report,concept,0.2,Top>Product>CulturalProduct>Broadcast,N
report,concept,0.2,Top>Product>CulturalProduct>Broadcast,N
report,concept,0.2,Top>Product>CulturalProduct>Broadcast,N
report,concept,0.2,Top>Product>CulturalProduct>Broadcast,N
report,concept,0.083333333,Top>Product>CulturalProduct>Broadcast,N+
report,concept,0.083333333,Top>Product>CulturalProduct>Broadcast,N+
report,concept,0.083333333,Top>Product>CulturalProduct>Broadcast,N+
report,concept,0.083333333,Top>Product>CulturalProduct>Broadcast,N+
report,concept,0.083333333,Top>Product>CulturalProduct>Broadcast,N+
request,concept,0.027777778,Top,N
restaurant,concept,0.333333333,Top>Organization>Company>ConsumerGoodsCompany>Discretionary>ConsumerServicesCompany>Restaurants,N
restaurant,concept,0.142857143,Top>Organization>Company>ConsumerGoodsCompany>Discretionary>ConsumerServicesCompany>Restaurants,N
restaurant,concept,0.142857143,Top>Organization>Company>ConsumerGoodsCompany>Discretionary>ConsumerServicesCompany>Restaurants,N
restaurant,concept,0.142857143,Top>Organization>Company>ConsumerGoodsCompany>Discretionary>ConsumerServicesCompany>Restaurants,N
restaurant,concept,0.142857143,Top>Organization>Company>ConsumerGoodsCompany>Discretionary>ConsumerServicesCompany>Restaurants,N
restaurant,concept,0.142857143,Top>Organization>Company>ConsumerGoodsCompany>Discretionary>ConsumerServicesCompany>Restaurants,N
restaurant,concept,0.142857143,Top>Organization>Company>ConsumerGoodsCompany>Discretionary>ConsumerServicesCompany>Restaurants,N
restaurant,concept,0.142857143,Top>Organization>Company>ConsumerGoodsCompany>Discretionary>ConsumerServicesCompany>Restaurants,N
restaurant,concept,0.142857143,Top>Organization>Company>ConsumerGoodsCompany>Discretionary>ConsumerServicesCompany>Restaurants,N
restaurant,concept,0.142857143,Top>Organization>Company>ConsumerGoodsCompany>Discretionary>ConsumerServicesCompany>Restaurants,N
restaurant,concept,0.142857143,Top>Organization>Company>ConsumerGoodsCompany>Discretionary>ConsumerServicesCompany>Restaurants,N
restaurant,concept,0.142857143,Top>Organization>Company>ConsumerGoodsCompany>Discretionary>ConsumerServicesCompany>Restaurants,N
restaurant,concept,0.125,Top>Organization>Company>ConsumerGoodsCompany>Discretionary>ConsumerServicesCompany>Restaurants,N
restaurant,concept,0.125,Top>Organization>Company>ConsumerGoodsCompany>Discretionary>ConsumerServicesCompany>Restaurants,N
restaurant,concept,0.111111111,Top>Organization>Company>ConsumerGoodsCompany>Discretionary>ConsumerServicesCompany>Restaurants,N
restaurant,concept,0.1,Top>Organization>Company>ConsumerGoodsCompany>Discretionary>ConsumerServicesCompany>Restaurants,N+
restaurant,concept,0.043478261,Top>Organization>Company>ConsumerGoodsCompany>Discretionary>ConsumerServicesCompany>Restaurants,N
rice,concept,0.111111111,Top>Product>Food>FruitOrVegetable,N
rice,concept,0.111111111,Top>Product>Food>FruitOrVegetable,N
rice,concept,0.111111111,Top>Product>Food>FruitOrVegetable,N
rice,concept,0.111111111,Top>Product>Food>FruitOrVegetable,N
rice,concept,0.090909091,Top>LivingThing>Flora,N
rice,concept,0.090909091,Top>LivingThing>Flora,N
rice,concept,0.090909091,Top>LivingThing>Flora,N
rice,concept,0.090909091,Top>LivingThing>Flora,N
road,concept,0.125,Top>Location>Facility>Line,N
road,concept,0.076923077,Top>Location>Facility>Line,N
road,concept,0.076923077,Top>Location>Facility>Line,N
road,concept,0.041666667,Top>Location>Facility>Line,N
road,concept,0.041666667,Top>Location>Facility>Line,N+
road,concept,0.032258065,Top>Location>Facility>Line,N
road,concept,0.024390244,Top>Location>Facility>Line,N+
road,concept,0.022222222,Top>Location>Facility>Line,N
robbery,concept,0.071428571,Top>OtherEntity>Offence,N+
room,concept,0.2,Top>Location>Facility,N
room,concept,0.2,Top>Location>Facility,N
room,concept,0.2,Top>Location>Facility,N+
room,concept,0.166666667,Top>Location>Facility,N
room,concept,0.166666667,Top>Location>Facility,N
room,concept,0.166666667,Top>Location>Facility,N+
room,concept,0.166666667,Top>Location>Facility,N+
room,concept,0.142857143,Top>Location>Facility,N
room,concept,0.142857143,Top>Location>Facility,N
room,concept,0.142857143,Top>Location>Facility,N
room,concept,0.142857143,Top>Location>Facility,N
room,concept,0.142857143,Top>Location>Facility,N+
room,concept,0.142857143,Top>Location>Facility,N+
room,concept,0.125,Top>Location>Facility,N
room,concept,0.125,Top>Location>Facility,N+
room,concept,0.125,Top>Location>Facility,N+
room,concept,0.111111111,Top>Location>Facility,N
room,concept,0.1,Top>Location>Facility,N
room,concept,0.1,Top>Location>Facility,N
room,concept,0.1,Top>Location>Facility,N
room,concept,0.1,Top>Location>Facility,N
room,concept,0.1,Top>Location>Facility,N
room,concept,0.1,Top>Location>Facility,N
room,concept,0.1,Top>Location>Facility,N+
room,concept,0.1,Top>Location>Facility,N+
room,concept,0.1,Top>Location>Facility,N+
room,concept,0.090909091,Top>Location>Facility,N
room,concept,0.090909091,Top>Location>Facility,N
room,concept,0.090909091,Top>Location>Facility,N
room,concept,0.090909091,Top>Location>Facility,N
room,concept,0.090909091,Top>Location>Facility,N+
room,concept,0.083333333,Top>Location>Facility,N
room,concept,0.083333333,Top>Location>Facility,N
room,concept,0.083333333,Top>Location>Facility,N
room,concept,0.083333333,Top>Location>Facility,N
room,concept,0.083333333,Top>Location>Facility,N
room,concept,0.083333333,Top>Location>Facility,N
room,concept,0.083333333,Top>Location>Facility,N
room,concept,0.083333333,Top>Location>Facility,N
room,concept,0.083333333,Top>Location>Facility,N
room,concept,0.083333333,Top>Location>Facility,N
room,concept,0.083333333,Top>Location>Facility,N
room,concept,0.083333333,Top>Location>Facility,N
room,concept,0.083333333,Top>Location>Facility,N
room,concept,0.083333333,Top>Location>Facility,N
room,concept,0.083333333,Top>Location>Facility,N
room,concept,0.083333333,Top>Location>Facility,N
room,concept,0.083333333,Top>Location>Facility,N
room,concept,0.083333333,Top>Location>Facility,N
room,concept,0.076923077,Top>Location>Facility,N
room,concept,0.076923077,Top>Location>Facility,N
room,concept,0.076923077,Top>Location>Facility,N
room,concept,0.076923077,Top>Location>Facility,N
room,concept,0.076923077,Top>Location>Facility,N
room,concept,0.076923077,Top>Location>Facility,N+
room,concept,0.076923077,Top>Location>Facility,N+
room,concept,0.071428571,Top>Location>Facility,N
room,concept,0.071428571,Top>Location>Facility,N
room,concept,0.071428571,Top>Location>Facility,N
room,concept,0.071428571,Top>Location>Facility,N
room,concept,0.071428571,Top>Location>Facility,N
room,concept,0.071428571,Top>Location>Facility,N
room,concept,0.071428571,Top>Location>Facility,N
room,concept,0.071428571,Top>Location>Facility,N
room,concept,0.071428571,Top>Location>Facility,N
room,concept,0.071428571,Top>Location>Facility,N
room,concept,0.071428571,Top>Location>Facility,N
room,concept,0.071428571,Top>Location>Facility,N
room,concept,0.066666667,Top>Location>Facility,N
room,concept,0.066666667,Top>Location>Facility,N
room,concept,0.066666667,Top>Location>Facility,N
room,concept,0.066666667,Top>Location>Facility,N+
room,concept,0.058823529,Top>Location>Facility,N
room,concept,0.058823529,Top>Location>Facility,N
room,concept,0.055555556,Top>Location>Facility,N
room,concept,0.055555556,Top>Location>Facility,N
room,concept,0.055555556,Top>Location>Facility,N
room,concept,0.047619048,Top>Location>Facility,N
room,concept,0.047619048,Top>Location>Facility,N
room,concept,0.047619048,Top>Location>Facility,N
room,concept,0.047619048,Top>Location>Facility,N
room,concept,0.047619048,Top>Location>Facility,N
room,concept,0.047619048,Top>Location>Facility,N
room,concept,0.045454545,Top>Location>Facility,N
room,concept,0.045454545,Top>Location>Facility,N
room,concept,0.045454545,Top>Location>Facility,N
room,concept,0.041666667,Top>Location>Facility,N
room,concept,0.038461538,Top>Location>Facility,N+
room,concept,0.037037037,Top>Location>Facility,N
room,concept,0.033333333,Top>Location>Facility,N
room,concept,0.027027027,Top>Location>Facility,N+
room,concept,0.022222222,Top>Location>Facility,N+
room,concept,0.018181818,Top>Location>Facility,N+
room,concept,0.016393443,Top>Location>Facility,N
rude,concept,0.166666667,Top>Person,N
rude,concept,0.125,Top>Person,N
salad,concept,0.166666667,Top>Product>Food>CookedPlate,N
salad,concept,0.111111111,Top>Product>Food>CookedPlate,N
selection,concept,1,Top>Organization,N
service,concept,0.25,Top>Product>ProfessionalService,N+
service,concept,0.2,Top>Product>ProfessionalService,N
service,concept,0.2,Top>Product>ProfessionalService,N+
service,concept,0.166666667,Top>Product>ProfessionalService,N+
service,concept,0.1,Top>Product>ProfessionalService,N+
service,concept,0.1,Top>Product>ProfessionalService,N+
service,concept,0.1,Top>Product>ProfessionalService,N+
service,concept,0.1,Top>Product>ProfessionalService,N+
service,concept,0.1,Top>Product>ProfessionalService,N+
service,concept,0.1,Top>Product>ProfessionalService,N+
service,concept,0.1,Top>Product>ProfessionalService,N+
service,concept,0.1,Top>Product>ProfessionalService,N+
service,concept,0.1,Top>Product>ProfessionalService,N+
service,concept,0.1,Top>Product>ProfessionalService,N+
service,concept,0.1,Top>Product>ProfessionalService,N+
service,concept,0.1,Top>Product>ProfessionalService,N+
service,concept,0.071428571,Top>Product>ProfessionalService,N+
service,concept,0.066666667,Top>Product>ProfessionalService,N
service,concept,0.020833333,Top>Product>ProfessionalService,N
shock,concept,0.125,Top>OtherEntity>Disease,N
shock,concept,0.047619048,Top>OtherEntity>Disease,N
shower,concept,0.5,Top>Event>NaturalPhenomena,N
shower,concept,0.25,Top>Event>NaturalPhenomena,N+
shower,concept,0.166666667,Top>Event>NaturalPhenomena,N
shower,concept,0.166666667,Top>Event>NaturalPhenomena,N+
simile,concept,0.25,Top,N
sink,concept,0.017857143,Top>Product,N
snooker,concept,0.166666667,Top>OtherEntity>Doctrine>Sports,N
snooker,concept,0.111111111,Top>OtherEntity>Doctrine>Sports,N
snooker,concept,0.111111111,Top>OtherEntity>Doctrine>Sports,N
snooker,concept,0.111111111,Top>OtherEntity>Doctrine>Sports,N
snooker,concept,0.111111111,Top>OtherEntity>Doctrine>Sports,N
snooker,concept,0.111111111,Top>OtherEntity>Doctrine>Sports,N
snooker,concept,0.111111111,Top>OtherEntity>Doctrine>Sports,N
snooker,concept,0.111111111,Top>OtherEntity>Doctrine>Sports,N
snooker,concept,0.111111111,Top>OtherEntity>Doctrine>Sports,N
snooker,concept,0.111111111,Top>OtherEntity>Doctrine>Sports,N
snooker,concept,0.111111111,Top>OtherEntity>Doctrine>Sports,N
snooker,concept,0.111111111,Top>OtherEntity>Doctrine>Sports,N
snooker,concept,0.111111111,Top>OtherEntity>Doctrine>Sports,N
snooker,concept,0.111111111,Top>OtherEntity>Doctrine>Sports,N
snooker,concept,0.1,Top>OtherEntity>Doctrine>Sports,N+
snooker,concept,0.083333333,Top>OtherEntity>Doctrine>Sports,N
soup,concept,0.066666667,Top>Product>Food>CookedPlate,N
soup,concept,0.041666667,Top>Product>Food>CookedPlate,N
south,concept,0.2,Top>Location,N
souvenir,concept,0.071428571,Top,N
space,concept,0.125,Top>Location,N
space,concept,0.090909091,Top>Unit>SpaceUnit,N
space,concept,0.055555556,Top>Location,N
space,concept,0.04,Top>Unit>SpaceUnit,N
Spanish,concept,0.04,Top,N+
special,concept,0.142857143,Top>Product>CulturalProduct>Broadcast,N
spot,concept,0.071428571,Top>Product>CulturalProduct>Broadcast,N+
staff,concept,0.5,Top>Organization,N
staff,concept,0.125,Top>Organization,N
staff,concept,0.125,Top>Organization,N
staff,concept,0.125,Top>Organization,N
staff,concept,0.125,Top>Organization,N
staff,concept,0.1,Top>Organization,N+
staff,concept,0.066666667,Top>Organization,N
staff,concept,0.058823529,Top>Organization,N+
staff,concept,0.058823529,Top>Organization,N+
staff,concept,0.058823529,Top>Organization,N+
staff,concept,0.058823529,Top>Organization,N+
staff,concept,0.058823529,Top>Organization,N+
staff,concept,0.029411765,Top>Organization,N
stairs,concept,0.05,Top>Product,N
stairs,concept,0.047619048,Top>Product,N
stairs,concept,0.047619048,Top>Product,N
stairs,concept,0.047619048,Top>Product,N
stairs,concept,0.047619048,Top>Product,N
stairs,concept,0.047619048,Top>Product,N
stairs,concept,0.047619048,Top>Product,N
stairs,concept,0.047619048,Top>Product,N
stairs,concept,0.047619048,Top>Product,N
stairs,concept,0.047619048,Top>Product,N
stairs,concept,0.047619048,Top>Product,N
stairs,concept,0.047619048,Top>Product,N
stairs,concept,0.047619048,Top>Product,N
stairs,concept,0.047619048,Top>Product,N
stairs,concept,0.047619048,Top>Product,N
stairs,concept,0.047619048,Top>Product,N
stairs,concept,0.047619048,Top>Product,N
stairs,concept,0.047619048,Top>Product,N
stairs,concept,0.047619048,Top>Product,N
stairs,concept,0.047619048,Top>Product,N
stairs,concept,0.047619048,Top>Product,N
stairs,concept,0.047619048,Top>Product,N
stairs,concept,0.047619048,Top>Product,N
stairs,concept,0.047619048,Top>Product,N
stairs,concept,0.047619048,Top>Product,N
stairs,concept,0.047619048,Top>Product,N
stairs,concept,0.047619048,Top>Product,N
stairs,concept,0.047619048,Top>Product,N
stairs,concept,0.047619048,Top>Product,N
stairs,concept,0.047619048,Top>Product,N
standard,concept,0.066666667,Top>Product,N+
star,concept,0.2,Top>OtherEntity>Vocation,N
star,concept,0.066666667,Top>Location>AstralBody>Star,N
starch,concept,0.01754386,Top,N
store,concept,0.5,Top>Location>Facility,N
store,concept,0.090909091,Top>Location>Facility>Market,N
store,concept,0.076923077,Top>Location>Facility>Market,N
store,concept,0.076923077,Top>Location>Facility>Market,N+
store,concept,0.055555556,Top>Location>Facility>Market,N
street,concept,1,Top>Location>Facility>Line,N
street,concept,0.333333333,Top>Location>Facility>Line,N
street,concept,0.25,Top>Location>Facility>Line,N
street,concept,0.25,Top>Location>Facility>Line,N+
street,concept,0.166666667,Top>Location>Facility>Line,N+
supply,concept,0.0625,Top>Process,N+
swimming_pool,concept,0.142857143,Top>Location>Facility,N
swimming_pool,concept,0.090909091,Top>Location>Facility,N
swimming_pool,concept,0.090909091,Top>Location>Facility,N
swimming_pool,concept,0.090909091,Top>Location>Facility,N
swimming_pool,concept,0.090909091,Top>Location>Facility,N
swimming_pool,concept,0.090909091,Top>Location>Facility,N
swimming_pool,concept,0.090909091,Top>Location>Facility,N
swimming_pool,concept,0.090909091,Top>Location>Facility,N
swimming_pool,concept,0.090909091,Top>Location>Facility,N
swimming_pool,concept,0.090909091,Top>Location>Facility,N
swimming_pool,concept,0.090909091,Top>Location>Facility,N
swimming_pool,concept,0.090909091,Top>Location>Facility,N
swimming_pool,concept,0.090909091,Top>Location>Facility,N
swimming_pool,concept,0.071428571,Top>Location>Facility,N
swimming_pool,concept,0.071428571,Top>Location>Facility,N+
swimming_pool,concept,0.058823529,Top>Location>Facility,N
tablet,concept,0.25,Top>Product>Machine>ElectronicAppliance>ElectronicDevice,N+
tablet,concept,0.142857143,Top>Product,N+
tavern,concept,0.052631579,Top>Location>Facility,N
tavern,concept,0.038461538,Top>Location>Facility,N
taxi,concept,0.142857143,Top,N
telephone,concept,0.25,Top>Id>PhoneNumber,N
territory,concept,0.058823529,Top>Location,N
tobacco,concept,0.043478261,Top>OtherEntity>Color,N
tobacco,concept,0.033333333,Top>LivingThing>Flora,N
toilet,concept,0.25,Top>Location>Facility,N
toilet,concept,0.25,Top>Location>Facility,N
toilet,concept,0.25,Top>Location>Facility,N
toilet,concept,0.25,Top>Location>Facility,N
toilet,concept,0.0625,Top>Location>Facility,N
tomato,concept,0.142857143,Top>Product>Food>FruitOrVegetable,N
tourist,concept,0.0625,Top>Person,N
tourist,concept,0.052631579,Top>Person,N
tourist,concept,0.041666667,Top>Person,N+
town,concept,0.25,Top>Location>GeoPoliticalEntity>City,N
town,concept,0.25,Top>Location>GeoPoliticalEntity>City,N
town,concept,0.25,Top>Location>GeoPoliticalEntity>City,N
town,concept,0.25,Top>Location>GeoPoliticalEntity>City,N
town,concept,0.25,Top>Location>GeoPoliticalEntity>City,N
town,concept,0.25,Top>Location>GeoPoliticalEntity>City,N
town,concept,0.25,Top>Location>GeoPoliticalEntity>City,N
town,concept,0.25,Top>Location>GeoPoliticalEntity>City,N
town,concept,0.25,Top>Location>GeoPoliticalEntity>City,N
town,concept,0.25,Top>Location>GeoPoliticalEntity>City,N
town,concept,0.25,Top>Location>GeoPoliticalEntity>City,N
town,concept,0.25,Top>Location>GeoPoliticalEntity>City,N
town,concept,0.25,Top>Location>GeoPoliticalEntity>City,N
town,concept,0.25,Top>Location>GeoPoliticalEntity>City,N
town,concept,0.25,Top>Location>GeoPoliticalEntity>City,N
town,concept,0.25,Top>Location>GeoPoliticalEntity>City,N
town,concept,0.25,Top>Location>GeoPoliticalEntity>City,N
town,concept,0.2,Top>Location>GeoPoliticalEntity>City,N+
town,concept,0.125,Top>Location>GeoPoliticalEntity,N
town,concept,0.125,Top>Location>GeoPoliticalEntity,N
town,concept,0.125,Top>Location>GeoPoliticalEntity,N
town,concept,0.125,Top>Location>GeoPoliticalEntity,N
town,concept,0.125,Top>Location>GeoPoliticalEntity,N
town,concept,0.125,Top>Location>GeoPoliticalEntity,N
town,concept,0.125,Top>Location>GeoPoliticalEntity,N
town,concept,0.125,Top>Location>GeoPoliticalEntity,N
town,concept,0.125,Top>Location>GeoPoliticalEntity,N
town,concept,0.125,Top>Location>GeoPoliticalEntity,N
town,concept,0.125,Top>Location>GeoPoliticalEntity,N
town,concept,0.125,Top>Location>GeoPoliticalEntity,N
town,concept,0.125,Top>Location>GeoPoliticalEntity,N
town,concept,0.125,Top>Location>GeoPoliticalEntity,N
town,concept,0.125,Top>Location>GeoPoliticalEntity,N
town,concept,0.125,Top>Location>GeoPoliticalEntity,N
town,concept,0.125,Top>Location>GeoPoliticalEntity,N
town,concept,0.076923077,Top>Location>GeoPoliticalEntity,N+
transliteration,concept,0.03030303,Top,N
traveler,concept,0.111111111,Top>Person,N
trip,concept,0.333333333,Top,N+
trip,concept,0.166666667,Top,N
unit,concept,1,Top>Unit,N
village,concept,0.5,Top>Location>GeoPoliticalEntity>City,N
village,concept,0.5,Top>Location>GeoPoliticalEntity>City,N
village,concept,0.5,Top>Location>GeoPoliticalEntity>City,N
village,concept,0.5,Top>Location>GeoPoliticalEntity>City,N
village,concept,0.5,Top>Location>GeoPoliticalEntity>City,N
village,concept,0.5,Top>Location>GeoPoliticalEntity>City,N
village,concept,0.5,Top>Location>GeoPoliticalEntity>City,N
village,concept,0.5,Top>Location>GeoPoliticalEntity>City,N
village,concept,0.5,Top>Location>GeoPoliticalEntity>City,N
village,concept,0.5,Top>Location>GeoPoliticalEntity>City,N
village,concept,0.5,Top>Location>GeoPoliticalEntity>City,N
village,concept,0.5,Top>Location>GeoPoliticalEntity>City,N
village,concept,0.5,Top>Location>GeoPoliticalEntity>City,N
village,concept,0.5,Top>Location>GeoPoliticalEntity>City,N
village,concept,0.5,Top>Location>GeoPoliticalEntity>City,N
village,concept,0.5,Top>Location>GeoPoliticalEntity>City,N
village,concept,0.5,Top>Location>GeoPoliticalEntity>City,N
village,concept,0.5,Top>Location>GeoPoliticalEntity>City,N+
volume,concept,0.047619048,Top>Unit>VolumeUnit,N
waste,concept,0.037037037,Top,N
wedding,concept,0.055555556,Top>Event>Occasion,N
welcome,concept,0.25,Top>OtherEntity,N
Wi_Fi,concept,0.1,Top>OtherEntity>MethodSystem,N
Wi_Fi,concept,0.02,Top>OtherEntity>MethodSystem,N
window,concept,0.1,Top>Product,N
window,concept,0.1,Top>Product,N
window,concept,0.1,Top>Product,N
window,concept,0.1,Top>Product,N
window,concept,0.083333333,Top>Product,N
wireless,concept,0.03125,Top,N
wireless,concept,0.029411765,Top,N
woman,concept,0.333333333,Top>Person,N
woman,concept,0.142857143,Top>Person,N
worker,concept,1,Top>OtherEntity>Vocation,N
yoghourt,concept,0.071428571,Top>Product>Food>DairyProduct,N